"variety","center","weighted"
"arabica",-30,0.00282924003461891
"arabica",-29.8825831702544,0.00297529001245673
"arabica",-29.7651663405088,0.00312503956218924
"arabica",-29.6477495107632,0.0032806359463847
"arabica",-29.5303326810176,0.00344213334793596
"arabica",-29.412915851272,0.00360739382454162
"arabica",-29.2954990215264,0.00377912330339278
"arabica",-29.1780821917808,0.00395624521861274
"arabica",-29.0606653620352,0.00413713690785534
"arabica",-28.9432485322896,0.00432500671004656
"arabica",-28.825831702544,0.00451766037722949
"arabica",-28.7084148727984,0.00471402668853659
"arabica",-28.5909980430528,0.00491772061099284
"arabica",-28.4735812133072,0.00512551249541057
"arabica",-28.3561643835616,0.00533689009654459
"arabica",-28.238747553816,0.00555573739850731
"arabica",-28.1213307240705,0.00577794843165919
"arabica",-28.0039138943249,0.00600400372902728
"arabica",-27.8864970645793,0.00623649700412563
"arabica",-27.7690802348337,0.00647206568102467
"arabica",-27.6516634050881,0.0067115576772965
"arabica",-27.5342465753425,0.00695636333431877
"arabica",-27.4168297455969,0.00720387819590951
"arabica",-27.2994129158513,0.00745517649409862
"arabica",-27.1819960861057,0.00771061223601706
"arabica",-27.0645792563601,0.00796831499492999
"arabica",-26.9471624266145,0.00822940755801378
"arabica",-26.8297455968689,0.00849345467678517
"arabica",-26.7123287671233,0.00875925488242587
"arabica",-26.5949119373777,0.00902776989999819
"arabica",-26.4774951076321,0.00929809752253342
"arabica",-26.3600782778865,0.00956959921772566
"arabica",-26.2426614481409,0.00984284141905908
"arabica",-26.1252446183953,0.0101168427415257
"arabica",-26.0078277886497,0.0103913830556286
"arabica",-25.8904109589041,0.0106663841220623
"arabica",-25.7729941291585,0.0109412241270963
"arabica",-25.6555772994129,0.0112159232034054
"arabica",-25.5381604696673,0.0114895052081136
"arabica",-25.4207436399217,0.0117621788011006
"arabica",-25.3033268101761,0.0120338142092635
"arabica",-25.1859099804305,0.0123028499801071
"arabica",-25.0684931506849,0.0125702489373241
"arabica",-24.9510763209393,0.0128354712066709
"arabica",-24.8336594911937,0.0130968208125476
"arabica",-24.7162426614481,0.0133558074377759
"arabica",-24.5988258317025,0.0136112596904675
"arabica",-24.4814090019569,0.0138618148454886
"arabica",-24.3639921722114,0.0141092998140657
"arabica",-24.2465753424658,0.0143517085245701
"arabica",-24.1291585127202,0.0145884718139056
"arabica",-24.0117416829746,0.0148214933724375
"arabica",-23.894324853229,0.0150477595294548
"arabica",-23.7769080234834,0.0152679225515351
"arabica",-23.6594911937378,0.0154837240609975
"arabica",-23.5420743639922,0.0156910109269891
"arabica",-23.4246575342466,0.0158920282995397
"arabica",-23.307240704501,0.0160881310757224
"arabica",-23.1898238747554,0.0162739447748717
"arabica",-23.0724070450098,0.016453601048554
"arabica",-22.9549902152642,0.0166278695749525
"arabica",-22.8375733855186,0.0167901289881983
"arabica",-22.720156555773,0.0169465957624957
"arabica",-22.6027397260274,0.0170964423779949
"arabica",-22.4853228962818,0.0172343855238712
"arabica",-22.3679060665362,0.0173662664560034
"arabica",-22.2504892367906,0.0174903294392649
"arabica",-22.133072407045,0.0176029177531672
"arabica",-22.0156555772994,0.0177092796737382
"arabica",-21.8982387475538,0.0178067194751417
"arabica",-21.7808219178082,0.0178933918959177
"arabica",-21.6634050880626,0.0179737808679774
"arabica",-21.545988258317,0.0180442929302487
"arabica",-21.4285714285714,0.0181049695364092
"arabica",-21.3111545988258,0.0181594113841863
"arabica",-21.1937377690802,0.0182032203164095
"arabica",-21.0763209393346,0.018238290565181
"arabica",-20.958904109589,0.0182672761168051
"arabica",-20.8414872798434,0.018285111858189
"arabica",-20.7240704500978,0.0182954082580319
"arabica",-20.6066536203523,0.0182998642527071
"arabica",-20.4892367906067,0.018292921762748
"arabica",-20.3718199608611,0.0182796804750119
"arabica",-20.2544031311155,0.0182609277392209
"arabica",-20.1369863013699,0.0182308125578529
"arabica",-20.0195694716243,0.0181956230041421
"arabica",-19.9021526418787,0.0181546341677539
"arabica",-19.7847358121331,0.0181039867512649
"arabica",-19.6673189823875,0.0180487327671682
"arabica",-19.5499021526419,0.0179876037795278
"arabica",-19.4324853228963,0.017918494452336
"arabica",-19.3150684931507,0.0178452898499202
"arabica",-19.1976516634051,0.0177663501861489
"arabica",-19.0802348336595,0.0176810264843379
"arabica",-18.9628180039139,0.0175921480484566
"arabica",-18.8454011741683,0.0174978831200342
"arabica",-18.7279843444227,0.0173987028577334
"arabica",-18.6105675146771,0.0172965237977831
"arabica",-18.4931506849315,0.0171894991237847
"arabica",-18.3757338551859,0.0170788662589957
"arabica",-18.2583170254403,0.0169657929713994
"arabica",-18.1409001956947,0.0168485835556251
"arabica",-18.0234833659491,0.0167288894605768
"arabica",-17.9060665362035,0.016607304140945
"arabica",-17.7886497064579,0.0164824320170353
"arabica",-17.6712328767123,0.0163560043322049
"arabica",-17.5538160469667,0.0162282155315688
"arabica",-17.4363992172211,0.0160980977961792
"arabica",-17.3189823874755,0.015967158517501
"arabica",-17.2015655577299,0.0158352803322075
"arabica",-17.0841487279843,0.0157022700918078
"arabica",-16.9667318982387,0.0155689039410634
"arabica",-16.8493150684932,0.0154351252164204
"arabica",-16.7318982387476,0.0153011857566215
"arabica",-16.614481409002,0.015167319252553
"arabica",-16.4970645792564,0.0150336481169164
"arabica",-16.3796477495108,0.0149005752050134
"arabica",-16.2622309197652,0.0147679662251793
"arabica",-16.1448140900196,0.0146362217797179
"arabica",-16.027397260274,0.0145056410962274
"arabica",-15.9099804305284,0.0143758781333258
"arabica",-15.7925636007828,0.014247693308094
"arabica",-15.6751467710372,0.0141210665506211
"arabica",-15.5577299412916,0.0139955763545407
"arabica",-15.440313111546,0.0138724100872957
"arabica",-15.3228962818004,0.0137510480887411
"arabica",-15.2054794520548,0.0136311099739922
"arabica",-15.0880626223092,0.0135142663914128
"arabica",-14.9706457925636,0.0133993472835297
"arabica",-14.853228962818,0.0132861120910059
"arabica",-14.7358121330724,0.0131767640684692
"arabica",-14.6183953033268,0.0130693543425765
"arabica",-14.5009784735812,0.0129641598128485
"arabica",-14.3835616438356,0.0128630802448584
"arabica",-14.26614481409,0.0127641565191355
"arabica",-14.1487279843444,0.0126680256680558
"arabica",-14.0313111545988,0.0125761349941616
"arabica",-13.9138943248532,0.0124866043883465
"arabica",-13.7964774951076,0.0124004892487866
"arabica",-13.679060665362,0.012318652359427
"arabica",-13.5616438356164,0.012239369592442
"arabica",-13.4442270058708,0.012164169364974
"arabica",-13.3268101761252,0.0120932089583246
"arabica",-13.2093933463796,0.0120249886054646
"arabica",-13.0919765166341,0.0119615614556619
"arabica",-12.9745596868885,0.0119022655725601
"arabica",-12.8571428571429,0.0118458883244077
"arabica",-12.7397260273973,0.011795055586649
"arabica",-12.6223091976517,0.0117481785459517
"arabica",-12.5048923679061,0.0117043907755117
"arabica",-12.3874755381605,0.0116669329494365
"arabica",-12.2700587084149,0.0116331893986168
"arabica",-12.1526418786693,0.0116026958386458
"arabica",-12.0352250489237,0.0115793404166596
"arabica",-11.9178082191781,0.0115593927118876
"arabica",-11.8003913894325,0.0115433395410745
"arabica",-11.6829745596869,0.011534244345446
"arabica",-11.5655577299413,0.011528683954376
"arabica",-11.4481409001957,0.0115276802728025
"arabica",-11.3307240704501,0.0115333663601742
"arabica",-11.2133072407045,0.0115426904137225
"arabica",-11.0958904109589,0.0115572320091795
"arabica",-10.9784735812133,0.0115781052057414
"arabica",-10.8610567514677,0.0116026896898598
"arabica",-10.7436399217221,0.0116331272389994
"arabica",-10.6262230919765,0.0116694498691949
"arabica",-10.5088062622309,0.0117095212254745
"arabica",-10.3913894324853,0.0117560273681912
"arabica",-10.2739726027397,0.0118078899632801
"arabica",-10.1565557729941,0.0118634970440843
"arabica",-10.0391389432485,0.011926034811829
"arabica",-9.92172211350294,0.0119933298082931
"arabica",-9.80430528375734,0.0120643181988768
"arabica",-9.68688845401174,0.0121426133057533
"arabica",-9.56947162426615,0.0122250127144456
"arabica",-9.45205479452055,0.0123110033872268
"arabica",-9.33463796477495,0.0124045227653403
"arabica",-9.21722113502936,0.0125014616500655
"arabica",-9.09980430528376,0.0126023085423469
"arabica",-8.98238747553816,0.0127097744394466
"arabica",-8.86497064579256,0.012820441794407
"arabica",-8.74755381604697,0.0129352021570706
"arabica",-8.63013698630137,0.0130556111786399
"arabica",-8.51272015655577,0.0131789494492013
"arabica",-8.39530332681018,0.013306408168853
"arabica",-8.27788649706458,0.0134385164028468
"arabica",-8.16046966731898,0.0135732304696233
"arabica",-8.04305283757339,0.0137119140354423
"arabica",-7.92563600782779,0.013854253875619
"arabica",-7.80821917808219,0.0139988298386377
"arabica",-7.6908023483366,0.0141470320757769
"arabica",-7.573385518591,0.0142979387461739
"arabica",-7.4559686888454,0.0144506723282886
"arabica",-7.33855185909981,0.0146064914284814
"arabica",-7.22113502935421,0.0147641385938615
"arabica",-7.10371819960861,0.0149231724578067
"arabica",-6.98630136986301,0.0150845581599141
"arabica",-6.86888454011742,0.015247001498339
"arabica",-6.75146771037182,0.0154103702685415
"arabica",-6.63405088062622,0.0155751794100713
"arabica",-6.51663405088063,0.0157404065612422
"arabica",-6.39921722113503,0.0159061114377172
"arabica",-6.28180039138944,0.0160721460038074
"arabica",-6.16438356164384,0.0162381309178235
"arabica",-6.04696673189824,0.0164040060298413
"arabica",-5.92954990215264,0.0165692667677209
"arabica",-5.81213307240705,0.0167340261875986
"arabica",-5.69471624266145,0.016897972009669
"arabica",-5.57729941291585,0.0170605469575326
"arabica",-5.45988258317026,0.017222196594496
"arabica",-5.34246575342466,0.0173822441025015
"arabica",-5.22504892367906,0.0175403627757526
"arabica",-5.10763209393346,0.0176971706917905
"arabica",-4.99021526418787,0.0178515411568001
"arabica",-4.87279843444227,0.0180036239796767
"arabica",-4.75538160469667,0.0181540587824042
"arabica",-4.63796477495108,0.0183012162910951
"arabica",-4.52054794520548,0.0184459170523561
"arabica",-4.40313111545989,0.0185886887297377
"arabica",-4.28571428571429,0.0187273828754864
"arabica",-4.16829745596869,0.0188636223117385
"arabica",-4.05088062622309,0.018997713877181
"arabica",-3.9334637964775,0.0191270105750622
"arabica",-3.8160469667319,0.019253999614373
"arabica",-3.6986301369863,0.0193783513296034
"arabica",-3.58121330724071,0.0194979871863362
"arabica",-3.46379647749511,0.0196152388926474
"arabica",-3.34637964774951,0.0197294196438798
"arabica",-3.22896281800391,0.019839143735556
"arabica",-3.11154598825832,0.0199464735505577
"arabica",-2.99412915851272,0.0200503860920738
"arabica",-2.87671232876712,0.0201502421709909
"arabica",-2.75929549902153,0.0202477566211144
"arabica",-2.64187866927593,0.0203416204100921
"arabica",-2.52446183953034,0.0204319268542129
"arabica",-2.40704500978474,0.0205200014423325
"arabica",-2.28962818003914,0.0206043229262391
"arabica",-2.17221135029354,0.0206856428236327
"arabica",-2.05479452054795,0.0207648903261006
"arabica",-1.93737769080235,0.0208404224177185
"arabica",-1.81996086105675,0.0209135253632556
"arabica",-1.70254403131116,0.0209847561756002
"arabica",-1.58512720156556,0.0210524491533383
"arabica",-1.46771037181996,0.0211182666751608
"arabica",-1.35029354207436,0.0211824431730572
"arabica",-1.23287671232877,0.0212433896020897
"arabica",-1.11545988258317,0.021302966364239
"arabica",-0.998043052837573,0.0213609777928074
"arabica",-0.88062622309198,0.0214165299259466
"arabica",-0.763209393346383,0.0214709729647826
"arabica",-0.645792563600786,0.0215240158581026
"arabica",-0.528375733855189,0.0215752956183498
"arabica",-0.410958904109592,0.0216257238659249
"arabica",-0.293542074363994,0.0216749915906395
"arabica",-0.176125244618397,0.0217230945122503
"arabica",-0.0587084148728003,0.0217705907487944
"arabica",0.0587084148727968,0.0218172194035386
"arabica",0.176125244618394,0.0218631699021071
"arabica",0.293542074363991,0.021908737077257
"arabica",0.410958904109588,0.0219537573677158
"arabica",0.528375733855185,0.0219984697598272
"arabica",0.645792563600782,0.0220429933471719
"arabica",0.763209393346379,0.0220872903731613
"arabica",0.880626223091976,0.0221315370433781
"arabica",0.998043052837573,0.0221757547661323
"arabica",1.11545988258317,0.0222200372116222
"arabica",1.23287671232876,0.0222644249703631
"arabica",1.35029354207436,0.0223089048781987
"arabica",1.46771037181996,0.0223536846187595
"arabica",1.58512720156556,0.0223986399255904
"arabica",1.70254403131115,0.0224437958795868
"arabica",1.81996086105675,0.0224893500920557
"arabica",1.93737769080235,0.0225351134509304
"arabica",2.05479452054794,0.0225811478588629
"arabica",2.17221135029354,0.0226275740961791
"arabica",2.28962818003914,0.0226742035742644
"arabica",2.40704500978473,0.0227211189710004
"arabica",2.52446183953033,0.0227683411168217
"arabica",2.64187866927593,0.0228157246046751
"arabica",2.75929549902153,0.0228633408931208
"arabica",2.87671232876712,0.0229111279501646
"arabica",2.99412915851272,0.0229590034726409
"arabica",3.11154598825831,0.0230069844661594
"arabica",3.22896281800391,0.0230549766297556
"arabica",3.34637964774951,0.0231029597359495
"arabica",3.46379647749511,0.0231508476662749
"arabica",3.5812133072407,0.0231985885000463
"arabica",3.6986301369863,0.0232462055074323
"arabica",3.8160469667319,0.0232934618465936
"arabica",3.93346379647749,0.0233404351480396
"arabica",4.05088062622309,0.0233871607914847
"arabica",4.16829745596868,0.0234332114607981
"arabica",4.28571428571428,0.0234788812058496
"arabica",4.40313111545988,0.0235241156088875
"arabica",4.52054794520548,0.0235684618569062
"arabica",4.63796477495107,0.0236123134484771
"arabica",4.75538160469667,0.0236555182148427
"arabica",4.87279843444227,0.0236976892297644
"arabica",4.99021526418787,0.0237392701530297
"arabica",5.10763209393346,0.0237799889703495
"arabica",5.22504892367906,0.0238196064716461
"arabica",5.34246575342465,0.0238585643879955
"arabica",5.45988258317026,0.0238964656005062
"arabica",5.57729941291585,0.0239332784980334
"arabica",5.69471624266144,0.0239693948021602
"arabica",5.81213307240704,0.0240043077362979
"arabica",5.92954990215264,0.0240382206917912
"arabica",6.04696673189824,0.0240714376246217
"arabica",6.16438356164383,0.0241033803407381
"arabica",6.28180039138943,0.0241344744452679
"arabica",6.39921722113503,0.0241649140108187
"arabica",6.51663405088063,0.0241941104054734
"arabica",6.63405088062622,0.0242226544217033
"arabica",6.75146771037182,0.0242506276068114
"arabica",6.86888454011741,0.0242775121743338
"arabica",6.98630136986301,0.0243039631263459
"arabica",7.10371819960861,0.0243299185177748
"arabica",7.22113502935421,0.0243551773517252
"arabica",7.3385518590998,0.0243801696752206
"arabica",7.4559686888454,0.024404836864192
"arabica",7.573385518591,0.0244292282696472
"arabica",7.69080234833659,0.024453551251136
"arabica",7.80821917808219,0.0244778222411585
"arabica",7.92563600782778,0.0245022337726931
"arabica",8.04305283757338,0.0245267975890802
"arabica",8.16046966731898,0.0245516835665225
"arabica",8.27788649706458,0.0245770895614713
"arabica",8.39530332681017,0.0246028808542982
"arabica",8.51272015655577,0.0246294569495368
"arabica",8.63013698630137,0.0246568668100353
"arabica",8.74755381604697,0.0246848953576411
"arabica",8.86497064579256,0.02471423563435
"arabica",8.98238747553816,0.024744634918636
"arabica",9.09980430528375,0.0247758735657549
"arabica",9.21722113502936,0.024808979221814
"arabica",9.33463796477495,0.0248432661421838
"arabica",9.45205479452055,0.0248785866688256
"arabica",9.56947162426614,0.0249163110535451
"arabica",9.68688845401174,0.0249552314067328
"arabica",9.80430528375734,0.0249955185810269
"arabica",9.92172211350293,0.025038313920209
"arabica",10.0391389432485,0.025082397759307
"arabica",10.1565557729941,0.0251281456163268
"arabica",10.2739726027397,0.0251763350133584
"arabica",10.3913894324853,0.0252258384795969
"arabica",10.5088062622309,0.0252772188411684
"arabica",10.6262230919765,0.0253308111877356
"arabica",10.7436399217221,0.0253856668366784
"arabica",10.8610567514677,0.0254424758274696
"arabica",10.9784735812133,0.0255011250886145
"arabica",11.0958904109589,0.0255609037623688
"arabica",11.2133072407045,0.0256225233296829
"arabica",11.3307240704501,0.0256855015221629
"arabica",11.4481409001957,0.0257493883445965
"arabica",11.5655577299413,0.0258147657299395
"arabica",11.6829745596869,0.0258809516504909
"arabica",11.8003913894325,0.0259477380777774
"arabica",11.9178082191781,0.0260153852707429
"arabica",12.0352250489237,0.026083270269362
"arabica",12.1526418786693,0.026151363347928
"arabica",12.2700587084149,0.0262193774755447
"arabica",12.3874755381605,0.0262870887101722
"arabica",12.5048923679061,0.0263544537813835
"arabica",12.6223091976517,0.0264206422613388
"arabica",12.7397260273973,0.0264859829664956
"arabica",12.8571428571429,0.0265501780728031
"arabica",12.9745596868885,0.0266121282582252
"arabica",13.091976516634,0.0266726336675471
"arabica",13.2093933463796,0.0267309402695568
"arabica",13.3268101761252,0.0267860249629956
"arabica",13.4442270058708,0.026839031700605
"arabica",13.5616438356164,0.0268885391218261
"arabica",13.679060665362,0.0269339947564349
"arabica",13.7964774951076,0.0269767208067271
"arabica",13.9138943248532,0.0270144220275527
"arabica",14.0313111545988,0.0270474346764036
"arabica",14.1487279843444,0.0270770664999816
"arabica",14.26614481409,0.0270999608182035
"arabica",14.3835616438356,0.0271177562967389
"arabica",14.5009784735812,0.0271315393142254
"arabica",14.6183953033268,0.0271367370474322
"arabica",14.7358121330724,0.0271366712076363
"arabica",14.853228962818,0.0271319997414631
"arabica",14.9706457925636,0.0271168241014593
"arabica",15.0880626223092,0.0270964694681129
"arabica",15.2054794520548,0.0270701959852321
"arabica",15.3228962818004,0.0270330538346247
"arabica",15.440313111546,0.0269902789944224
"arabica",15.5577299412916,0.0269402196199415
"arabica",15.6751467710372,0.0268792564985627
"arabica",15.7925636007828,0.0268122950985312
"arabica",15.9099804305284,0.0267366921402399
"arabica",16.027397260274,0.0266504643851275
"arabica",16.1448140900196,0.0265579711927358
"arabica",16.2622309197652,0.0264555525956405
"arabica",16.3796477495108,0.026343071710846
"arabica",16.4970645792564,0.0262241638910268
"arabica",16.614481409002,0.0260941843859442
"arabica",16.7318982387476,0.0259549456784169
"arabica",16.8493150684931,0.0258092282041852
"arabica",16.9667318982387,0.0256514911543193
"arabica",17.0841487279843,0.0254854861909974
"arabica",17.2015655577299,0.0253130610752647
"arabica",17.3189823874755,0.025127921018039
"arabica",17.4363992172211,0.0249356342020637
"arabica",17.5538160469667,0.0247370939721825
"arabica",17.6712328767123,0.0245254407717581
"arabica",17.7886497064579,0.0243078310065033
"arabica",17.9060665362035,0.0240834137385851
"arabica",18.0234833659491,0.0238474638161384
"arabica",18.1409001956947,0.0236059327915254
"arabica",18.2583170254403,0.0233572657552199
"arabica",18.3757338551859,0.0230987373026517
"arabica",18.4931506849315,0.022835086376101
"arabica",18.6105675146771,0.0225642247835124
"arabica",18.7279843444227,0.0222851952769076
"arabica",18.8454011741683,0.0220015732191846
"arabica",18.9628180039139,0.0217109370867724
"arabica",19.0802348336595,0.0214137854191866
"arabica",19.1976516634051,0.0211126294519137
"arabica",19.3150684931507,0.0208049334279636
"arabica",19.4324853228963,0.0204922773294986
"arabica",19.5499021526419,0.0201762499043863
"arabica",19.6673189823875,0.0198544290982407
"arabica",19.7847358121331,0.0195290602242912
"arabica",19.9021526418787,0.0192009839001977
"arabica",20.0195694716243,0.0188681185735886
"arabica",20.1369863013699,0.0185329374661842
"arabica",20.2544031311155,0.0181957300505839
"arabica",20.3718199608611,0.0178549717394166
"arabica",20.4892367906067,0.0175129246162363
"arabica",20.6066536203522,0.017169404565041
"arabica",20.7240704500978,0.0168240377405939
"arabica",20.8414872798434,0.0164780567671375
"arabica",20.958904109589,0.0161313524387301
"arabica",21.0763209393346,0.0157842614944134
"arabica",21.1937377690802,0.0154372098715179
"arabica",21.3111545988258,0.0150903558502063
"arabica",21.4285714285714,0.0147443168277048
"arabica",21.545988258317,0.0143989397007753
"arabica",21.6634050880626,0.0140548224749873
"arabica",21.7808219178082,0.0137124591365237
"arabica",21.8982387475538,0.0133713410220849
"arabica",22.0156555772994,0.0130326526949095
"arabica",22.133072407045,0.0126963994719272
"arabica",22.2504892367906,0.012361928614202
"arabica",22.3679060665362,0.0120311290420206
"arabica",22.4853228962818,0.0117032010657535
"arabica",22.6027397260274,0.011377540888879
"arabica",22.720156555773,0.0110568283416346
"arabica",22.8375733855186,0.0107391985468531
"arabica",22.9549902152642,0.0104242661604768
"arabica",23.0724070450098,0.0101155563487649
"arabica",23.1898238747554,0.00980993946693129
"arabica",23.307240704501,0.00950785736210151
"arabica",23.4246575342466,0.0092123041311273
"arabica",23.5420743639922,0.0089201472504631
"arabica",23.6594911937378,0.00863238537306513
"arabica",23.7769080234834,0.00835122502851614
"arabica",23.894324853229,0.00807370429144755
"arabica",24.0117416829746,0.00780143152846308
"arabica",24.1291585127202,0.00753563069558222
"arabica",24.2465753424658,0.00727365362325363
"arabica",24.3639921722113,0.00701774244049764
"arabica",24.4814090019569,0.0067680044941788
"arabica",24.5988258317025,0.00652221736787483
"arabica",24.7162426614481,0.0062832542686308
"arabica",24.8336594911937,0.00605003032499761
"arabica",24.9510763209393,0.00582083001081671
"arabica",25.0684931506849,0.00559913103234028
"arabica",25.1859099804305,0.00538263486199988
"arabica",25.3033268101761,0.00517018443458275
"arabica",25.4207436399217,0.00496581486548876
"arabica",25.5381604696673,0.0047660410673591
"arabica",25.6555772994129,0.00457028856882327
"arabica",25.7729941291585,0.00438308605060374
"arabica",25.8904109589041,0.00419983081403997
"arabica",26.0078277886497,0.00402108675651133
"arabica",26.1252446183953,0.00385013064454727
"arabica",26.2426614481409,0.00368301442648675
"arabica",26.3600782778865,0.0035208236265425
"arabica",26.4774951076321,0.00336561351504942
"arabica",26.5949119373777,0.00321410496874529
"arabica",26.7123287671233,0.00306785164868029
"arabica",26.8297455968689,0.00292775465310395
"arabica",26.9471624266145,0.00279119516663163
"arabica",27.0645792563601,0.00266013135710934
"arabica",27.1819960861057,0.00253440671227779
"arabica",27.2994129158513,0.00241203494910936
"arabica",27.4168297455969,0.00229530865486148
"arabica",27.5342465753425,0.00218313185450411
"arabica",27.6516634050881,0.00207410773526433
"arabica",27.7690802348337,0.00197079018814462
"arabica",27.8864970645793,0.0018712761527077
"arabica",28.0039138943249,0.00177470377622805
"arabica",28.1213307240704,0.00168381518277742
"arabica",28.238747553816,0.00159604001069344
"arabica",28.3561643835616,0.00151098908230529
"arabica",28.4735812133072,0.00143152236943958
"arabica",28.5909980430528,0.00135454330423412
"arabica",28.7084148727984,0.0012804072649261
"arabica",28.825831702544,0.00121101088662315
"arabica",28.9432485322896,0.00114388421569396
"arabica",29.0606653620352,0.00107965428500341
"arabica",29.1780821917808,0.00101939432994951
"arabica",29.2954990215264,0.000961191017275179
"arabica",29.412915851272,0.000905879458394862
"arabica",29.5303326810176,0.000853847402432139
"arabica",29.6477495107632,0.000803666343387513
"arabica",29.7651663405088,0.000756320867611789
"arabica",29.8825831702544,0.000711644900400904
"arabica",30,0.000668623768856471
"robusta",-30,0.0011411834316468
"robusta",-29.8825831702544,0.00120871936906163
"robusta",-29.7651663405088,0.00127838336584318
"robusta",-29.6477495107632,0.00135144011832794
"robusta",-29.5303326810176,0.0014279952217608
"robusta",-29.412915851272,0.00150680280704091
"robusta",-29.2954990215264,0.00158953180924007
"robusta",-29.1780821917808,0.00167560646056354
"robusta",-29.0606653620352,0.00176403642792701
"robusta",-28.9432485322896,0.00185690258989638
"robusta",-28.825831702544,0.00195288906236156
"robusta",-28.7084148727984,0.0020513065490216
"robusta",-28.5909980430528,0.00215463533644913
"robusta",-28.4735812133072,0.00226079167124352
"robusta",-28.3561643835616,0.00236942210998393
"robusta",-28.238747553816,0.00248336996766367
"robusta",-28.1213307240705,0.00259979479137534
"robusta",-28.0039138943249,0.00271905043340922
"robusta",-27.8864970645793,0.0028432259069728
"robusta",-27.7690802348337,0.00296983538208481
"robusta",-27.6516634050881,0.00309956873471271
"robusta",-27.5342465753425,0.00323373270984474
"robusta",-27.4168297455969,0.00337024087260346
"robusta",-27.2994129158513,0.00351007414215277
"robusta",-27.1819960861057,0.00365377295226746
"robusta",-27.0645792563601,0.0037996766944155
"robusta",-26.9471624266145,0.00394898644051649
"robusta",-26.8297455968689,0.00410154140469798
"robusta",-26.7123287671233,0.00425611128990291
"robusta",-26.5949119373777,0.0044140205419936
"robusta",-26.4774951076321,0.00457452421006355
"robusta",-26.3600782778865,0.00473680217822642
"robusta",-26.2426614481409,0.00490218124506069
"robusta",-26.1252446183953,0.00506950123545893
"robusta",-26.0078277886497,0.00523830603851189
"robusta",-25.8904109589041,0.00540978293213413
"robusta",-25.7729941291585,0.00558257398171083
"robusta",-25.6555772994129,0.0057565149177477
"robusta",-25.5381604696673,0.00593249591728531
"robusta",-25.4207436399217,0.00610922043623029
"robusta",-25.3033268101761,0.00628679469164085
"robusta",-25.1859099804305,0.00646542002875389
"robusta",-25.0684931506849,0.00664437708224066
"robusta",-24.9510763209393,0.0068237190943913
"robusta",-24.8336594911937,0.00700318474800475
"robusta",-24.7162426614481,0.00718254698623083
"robusta",-24.5988258317025,0.00736166435015516
"robusta",-24.4814090019569,0.0075400738914537
"robusta",-24.3639921722114,0.00771793154225082
"robusta",-24.2465753424658,0.00789475812222425
"robusta",-24.1291585127202,0.00807017148609394
"robusta",-24.0117416829746,0.00824458213171841
"robusta",-23.894324853229,0.00841703749142203
"robusta",-23.7769080234834,0.00858752423446973
"robusta",-23.6594911937378,0.00875656673965224
"robusta",-23.5420743639922,0.00892261970284285
"robusta",-23.4246575342466,0.00908631486602572
"robusta",-23.307240704501,0.00924814552998077
"robusta",-23.1898238747554,0.00940587933815154
"robusta",-23.0724070450098,0.00956103980358648
"robusta",-22.9549902152642,0.00971394859412757
"robusta",-22.8375733855186,0.00986162490101378
"robusta",-22.720156555773,0.0100066839977293
"robusta",-22.6027397260274,0.0101487519971069
"robusta",-22.4853228962818,0.0102852674612597
"robusta",-22.3679060665362,0.010418885545069
"robusta",-22.2504892367906,0.0105487524728515
"robusta",-22.133072407045,0.0106729740230217
"robusta",-22.0156555772994,0.0107940828372106
"robusta",-21.8982387475538,0.0109107032187023
"robusta",-21.7808219178082,0.011021798676711
"robusta",-21.6634050880626,0.0111296374925479
"robusta",-21.545988258317,0.0112323189273067
"robusta",-21.4285714285714,0.0113297853558595
"robusta",-21.3111545988258,0.0114239271884791
"robusta",-21.1937377690802,0.0115123561009381
"robusta",-21.0763209393346,0.0115960371174771
"robusta",-20.958904109589,0.0116764037009533
"robusta",-20.8414872798434,0.0117506571312621
"robusta",-20.7240704500978,0.0118207482485617
"robusta",-20.6066536203523,0.0118876129161719
"robusta",-20.4892367906067,0.0119481555428825
"robusta",-20.3718199608611,0.012005197104541
"robusta",-20.2544031311155,0.0120591752342786
"robusta",-20.1369863013699,0.0121068415104375
"robusta",-20.0195694716243,0.0121516993273267
"robusta",-19.9021526418787,0.012193347476479
"robusta",-19.7847358121331,0.0122296885469285
"robusta",-19.6673189823875,0.012263522882446
"robusta",-19.5499021526419,0.0122941657311409
"robusta",-19.4324853228963,0.0123205440334201
"robusta",-19.3150684931507,0.0123447681040626
"robusta",-19.1976516634051,0.0123659958795597
"robusta",-19.0802348336595,0.0123839879256293
"robusta",-18.9628180039139,0.0124002175530961
"robusta",-18.8454011741683,0.0124138250933866
"robusta",-18.7279843444227,0.0124251654449949
"robusta",-18.6105675146771,0.0124351618932626
"robusta",-18.4931506849315,0.0124430804571609
"robusta",-18.3757338551859,0.0124496007643396
"robusta",-18.2583170254403,0.0124552091000631
"robusta",-18.1409001956947,0.0124594339556665
"robusta",-18.0234833659491,0.012462999568954
"robusta",-17.9060665362035,0.0124660850808669
"robusta",-17.7886497064579,0.0124686021018172
"robusta",-17.6712328767123,0.0124710488677335
"robusta",-17.5538160469667,0.012473434160495
"robusta",-17.4363992172211,0.0124761486933899
"robusta",-17.3189823874755,0.0124792225201966
"robusta",-17.2015655577299,0.0124827069686169
"robusta",-17.0841487279843,0.0124872989907964
"robusta",-16.9667318982387,0.0124926006287455
"robusta",-16.8493150684932,0.0124988480217318
"robusta",-16.7318982387476,0.0125067730131448
"robusta",-16.614481409002,0.012515710237279
"robusta",-16.4970645792564,0.0125261557427248
"robusta",-16.3796477495108,0.01253864468646
"robusta",-16.2622309197652,0.0125523937131962
"robusta",-16.1448140900196,0.0125682031043611
"robusta",-16.027397260274,0.0125862322954867
"robusta",-15.9099804305284,0.0126057098243041
"robusta",-15.7925636007828,0.0126277519039458
"robusta",-15.6751467710372,0.0126520241548383
"robusta",-15.5577299412916,0.0126778709252152
"robusta",-15.440313111546,0.012706704015676
"robusta",-15.3228962818004,0.0127376417055395
"robusta",-15.2054794520548,0.0127702179217311
"robusta",-15.0880626223092,0.0128060905787575
"robusta",-14.9706457925636,0.0128438404475798
"robusta",-14.853228962818,0.0128832328767234
"robusta",-14.7358121330724,0.0129260982773303
"robusta",-14.6183953033268,0.0129705473309519
"robusta",-14.5009784735812,0.0130168062737331
"robusta",-14.3835616438356,0.0130661301395306
"robusta",-14.26614481409,0.0131169315394377
"robusta",-14.1487279843444,0.0131696208559005
"robusta",-14.0313111545988,0.0132248967169953
"robusta",-13.9138943248532,0.0132815041003551
"robusta",-13.7964774951076,0.0133399786683581
"robusta",-13.679060665362,0.0134005321831157
"robusta",-13.5616438356164,0.0134622405164195
"robusta",-13.4442270058708,0.0135256953248317
"robusta",-13.3268101761252,0.0135907288750383
"robusta",-13.2093933463796,0.0136567197047997
"robusta",-13.0919765166341,0.0137242433010797
"robusta",-12.9745596868885,0.0137928831498119
"robusta",-12.8571428571429,0.0138622719867368
"robusta",-12.7397260273973,0.0139329014264441
"robusta",-12.6223091976517,0.0140042451575832
"robusta",-12.5048923679061,0.0140761287208909
"robusta",-12.3874755381605,0.0141489032145283
"robusta",-12.2700587084149,0.0142220652603574
"robusta",-12.1526418786693,0.0142955664143544
"robusta",-12.0352250489237,0.0143695770678055
"robusta",-11.9178082191781,0.0144437303268038
"robusta",-11.8003913894325,0.0145180465635703
"robusta",-11.6829745596869,0.0145924721363831
"robusta",-11.5655577299413,0.0146668839734815
"robusta",-11.4481409001957,0.0147412634924319
"robusta",-11.3307240704501,0.0148154646557346
"robusta",-11.2133072407045,0.0148895259431652
"robusta",-11.0958904109589,0.0149633623575121
"robusta",-10.9784735812133,0.0150368408630291
"robusta",-10.8610567514677,0.0151100871388578
"robusta",-10.7436399217221,0.0151829408453644
"robusta",-10.6262230919765,0.0152553540159398
"robusta",-10.5088062622309,0.0153274782844015
"robusta",-10.3913894324853,0.0153990877239442
"robusta",-10.2739726027397,0.015470254524271
"robusta",-10.1565557729941,0.0155411116712901
"robusta",-10.0391389432485,0.0156113946492602
"robusta",-9.92172211350294,0.0156812936655184
"robusta",-9.80430528375734,0.0157508968892927
"robusta",-9.68688845401174,0.0158199426609382
"robusta",-9.56947162426615,0.0158887027077509
"robusta",-9.45205479452055,0.0159572127453349
"robusta",-9.33463796477495,0.0160252660335266
"robusta",-9.21722113502936,0.0160931504344313
"robusta",-9.09980430528376,0.0161608418212939
"robusta",-8.98238747553816,0.0162282971594044
"robusta",-8.86497064579256,0.0162956829980346
"robusta",-8.74755381604697,0.0163629898783821
"robusta",-8.63013698630137,0.0164302968784776
"robusta",-8.51272015655577,0.0164976506823267
"robusta",-8.39530332681018,0.0165650980568376
"robusta",-8.27788649706458,0.0166327751129938
"robusta",-8.16046966731898,0.0167006265060735
"robusta",-8.04305283757339,0.0167687994195615
"robusta",-7.92563600782779,0.0168374068059474
"robusta",-7.80821917808219,0.0169063216524831
"robusta",-7.6908023483366,0.0169758343790397
"robusta",-7.573385518591,0.0170459480107442
"robusta",-7.4559686888454,0.0171165024759457
"robusta",-7.33855185909981,0.0171879694171467
"robusta",-7.22113502935421,0.0172601565668022
"robusta",-7.10371819960861,0.0173329133536463
"robusta",-6.98630136986301,0.0174069231155561
"robusta",-6.86888454011742,0.017481721162883
"robusta",-6.75146771037182,0.0175572089599498
"robusta",-6.63405088062622,0.0176343027566329
"robusta",-6.51663405088063,0.0177122017891983
"robusta",-6.39921722113503,0.0177910210913434
"robusta",-6.28180039138944,0.0178715538693618
"robusta",-6.16438356164384,0.0179529836682823
"robusta",-6.04696673189824,0.0180355754118554
"robusta",-5.92954990215264,0.0181199241411585
"robusta",-5.81213307240705,0.0182052457923242
"robusta",-5.69471624266145,0.0182919726762212
"robusta",-5.57729941291585,0.0183804421522084
"robusta",-5.45988258317026,0.018469944238006
"robusta",-5.34246575342466,0.0185610879687201
"robusta",-5.22504892367906,0.0186539104677264
"robusta",-5.10763209393346,0.0187478095305837
"robusta",-4.99021526418787,0.018843573004056
"robusta",-4.87279843444227,0.0189409117918249
"robusta",-4.75538160469667,0.0190393565312956
"robusta",-4.63796477495108,0.0191398701853637
"robusta",-4.52054794520548,0.0192418261826581
"robusta",-4.40313111545989,0.0193449046617304
"robusta",-4.28571428571429,0.0194502360155789
"robusta",-4.16829745596869,0.01955685678107
"robusta",-4.05088062622309,0.0196646057817483
"robusta",-3.9334637964775,0.0197747710329478
"robusta",-3.8160469667319,0.0198860611336305
"robusta",-3.6986301369863,0.0199986367765799
"robusta",-3.58121330724071,0.0201134532005805
"robusta",-3.46379647749511,0.0202293850062076
"robusta",-3.34637964774951,0.02034674980059
"robusta",-3.22896281800391,0.0204661716280896
"robusta",-3.11154598825832,0.0205866955881499
"robusta",-2.99412915851272,0.0207087908800648
"robusta",-2.87671232876712,0.0208327576369317
"robusta",-2.75929549902153,0.0209578111740588
"robusta",-2.64187866927593,0.0210845667247466
"robusta",-2.52446183953034,0.0212130104892061
"robusta",-2.40704500978474,0.0213425247670786
"robusta",-2.28962818003914,0.0214738655149347
"robusta",-2.17221135029354,0.0216067155644873
"robusta",-2.05479452054795,0.021740619554863
"robusta",-1.93737769080235,0.0218764689300744
"robusta",-1.81996086105675,0.0220136533662966
"robusta",-1.70254403131116,0.0221518748405029
"robusta",-1.58512720156556,0.0222921542770518
"robusta",-1.46771037181996,0.0224335984380419
"robusta",-1.35029354207436,0.022576061732918
"robusta",-1.23287671232877,0.0227206863246944
"robusta",-1.11545988258317,0.0228663080305
"robusta",-0.998043052837573,0.0230130692951964
"robusta",-0.88062622309198,0.0231617992336023
"robusta",-0.763209393346383,0.0233115011464052
"robusta",-0.645792563600786,0.0234624500914775
"robusta",-0.528375733855189,0.0236151697412559
"robusta",-0.410958904109592,0.0237688293452097
"robusta",-0.293542074363994,0.023923824025297
"robusta",-0.176125244618397,0.0240803834720178
"robusta",-0.0587084148728003,0.0242378413727743
"robusta",0.0587084148727968,0.0243966942450685
"robusta",0.176125244618394,0.0245568968400532
"robusta",0.293542074363991,0.0247179442368443
"robusta",0.410958904109588,0.0248804076078565
"robusta",0.528375733855185,0.0250439974526669
"robusta",0.645792563600782,0.0252083637333958
"robusta",0.763209393346379,0.0253741158077513
"robusta",0.880626223091976,0.0255407661607482
"robusta",0.998043052837573,0.0257081076024669
"robusta",1.11545988258317,0.0258767403523023
"robusta",1.23287671232876,0.0260460439111349
"robusta",1.35029354207436,0.0262159344278401
"robusta",1.46771037181996,0.0263869444056108
"robusta",1.58512720156556,0.0265584063165794
"robusta",1.70254403131115,0.0267303847226313
"robusta",1.81996086105675,0.026903114103618
"robusta",1.93737769080235,0.0270761483746732
"robusta",2.05479452054794,0.0272495595192311
"robusta",2.17221135029354,0.0274233513023481
"robusta",2.28962818003914,0.0275972810600952
"robusta",2.40704500978473,0.0277713696475462
"robusta",2.52446183953033,0.0279454788811499
"robusta",2.64187866927593,0.0281195406286857
"robusta",2.75929549902153,0.0282934575953047
"robusta",2.87671232876712,0.0284670587485851
"robusta",2.99412915851272,0.0286404104707699
"robusta",3.11154598825831,0.0288132238334291
"robusta",3.22896281800391,0.0289854216643212
"robusta",3.34637964774951,0.0291571543148302
"robusta",3.46379647749511,0.029327863771092
"robusta",3.5812133072407,0.0294977069843607
"robusta",3.6986301369863,0.0296668586015757
"robusta",3.8160469667319,0.0298344128086409
"robusta",3.93346379647749,0.030000909552553
"robusta",4.05088062622309,0.0301664810162062
"robusta",4.16829745596868,0.0303297962104221
"robusta",4.28571428571428,0.030491930288709
"robusta",4.40313111545988,0.0306527145202197
"robusta",4.52054794520548,0.0308108800422772
"robusta",4.63796477495107,0.0309676266403686
"robusta",4.75538160469667,0.0311225254285238
"robusta",4.87279843444227,0.0312745192734836
"robusta",4.99021526418787,0.0314248590276459
"robusta",5.10763209393346,0.0315727844288883
"robusta",5.22504892367906,0.0317175993664726
"robusta",5.34246575342465,0.0318605297458804
"robusta",5.45988258317026,0.032000416034068
"robusta",5.57729941291585,0.0321370682729841
"robusta",5.69471624266144,0.0322716114921053
"robusta",5.81213307240704,0.0324024227037141
"robusta",5.92954990215264,0.0325299566893898
"robusta",6.04696673189824,0.0326551637050816
"robusta",6.16438356164383,0.0327758964001597
"robusta",6.28180039138943,0.0328933856277523
"robusta",6.39921722113503,0.0330083361761635
"robusta",6.51663405088063,0.0331180175792335
"robusta",6.63405088062622,0.0332245617320052
"robusta",6.75146771037182,0.0333283607907662
"robusta",6.86888454011741,0.03342604303791
"robusta",6.98630136986301,0.0335207621855288
"robusta",7.10371819960861,0.0336120949336903
"robusta",7.22113502935421,0.0336972854081814
"robusta",7.3385518590998,0.0337793123791678
"robusta",7.4559686888454,0.0338572521956475
"robusta",7.573385518591,0.0339290882609941
"robusta",7.69080234833659,0.0339975605989115
"robusta",7.80821917808219,0.0340611835592425
"robusta",7.92563600782778,0.0341188016351287
"robusta",8.04305283757338,0.0341728547251589
"robusta",8.16046966731898,0.0342212324621406
"robusta",8.27788649706458,0.0342637632266345
"robusta",8.39530332681017,0.0343025262129458
"robusta",8.51272015655577,0.0343347227737814
"robusta",8.63013698630137,0.0343612903936552
"robusta",8.74755381604697,0.0343838863854971
"robusta",8.86497064579256,0.0343989608532579
"robusta",8.98238747553816,0.0344086875228789
"robusta",9.09980430528375,0.0344142393096207
"robusta",9.21722113502936,0.0344112555186901
"robusta",9.33463796477495,0.0344032721911832
"robusta",9.45205479452055,0.034390914269172
"robusta",9.56947162426614,0.0343689583309426
"robusta",9.68688845401174,0.0343424220135618
"robusta",9.80430528375734,0.0343106509771508
"robusta",9.92172211350293,0.0342695248172135
"robusta",10.0391389432485,0.0342236422160848
"robusta",10.1565557729941,0.0341716272878326
"robusta",10.2739726027397,0.0341105952800915
"robusta",10.3913894324853,0.0340446519665974
"robusta",10.5088062622309,0.0339716605275938
"robusta",10.6262230919765,0.0338900918291528
"robusta",10.7436399217221,0.0338034855148188
"robusta",10.8610567514677,0.0337089226226421
"robusta",10.9784735812133,0.0336063264199964
"robusta",11.0958904109589,0.0334986024223241
"robusta",11.2133072407045,0.0333820520597726
"robusta",11.3307240704501,0.033258113168222
"robusta",11.4481409001957,0.0331289997749497
"robusta",11.5655577299413,0.0329902648397334
"robusta",11.6829745596869,0.032844877177721
"robusta",11.8003913894325,0.0326943184102904
"robusta",11.9178082191781,0.0325334562837696
"robusta",12.0352250489237,0.0323667516987715
"robusta",12.1526418786693,0.0321949349626056
"robusta",12.2700587084149,0.032012285595442
"robusta",12.3874755381605,0.0318246556752003
"robusta",12.5048923679061,0.0316313336942977
"robusta",12.6223091976517,0.0314282357996404
"robusta",12.7397260273973,0.0312203446558064
"robusta",12.8571428571429,0.0310063110575385
"robusta",12.9745596868885,0.0307836430398043
"robusta",13.091976516634,0.0305564295771882
"robusta",13.2093933463796,0.0303227819692592
"robusta",13.3268101761252,0.0300816911153952
"robusta",13.4442270058708,0.0298363599604256
"robusta",13.5616438356164,0.0295844852089959
"robusta",13.679060665362,0.029326369437134
"robusta",13.7964774951076,0.0290643704431716
"robusta",13.9138943248532,0.0287959164087086
"robusta",14.0313111545988,0.0285223950828576
"robusta",14.1487279843444,0.0282453920992897
"robusta",14.26614481409,0.027962227037573
"robusta",14.3835616438356,0.0276751021470666
"robusta",14.5009784735812,0.0273849324726195
"robusta",14.6183953033268,0.027089094225041
"robusta",14.7358121330724,0.0267903038855407
"robusta",14.853228962818,0.0264889304656087
"robusta",14.9706457925636,0.0261825683201146
"robusta",15.0880626223092,0.0258741350729563
"robusta",15.2054794520548,0.0255633348524673
"robusta",15.3228962818004,0.0252489066320573
"robusta",15.440313111546,0.0249328833603734
"robusta",15.5577299412916,0.024614856226056
"robusta",15.6751467710372,0.0242944027145155
"robusta",15.7925636007828,0.0239728191325538
"robusta",15.9099804305284,0.0236497219873568
"robusta",16.027397260274,0.0233252207728483
"robusta",16.1448140900196,0.0230000333708066
"robusta",16.2622309197652,0.0226739242507
"robusta",16.3796477495108,0.0223472442849047
"robusta",16.4970645792564,0.0220202923342539
"robusta",16.614481409002,0.0216930827651831
"robusta",16.7318982387476,0.0213659467795537
"robusta",16.8493150684931,0.0210389165482323
"robusta",16.9667318982387,0.0207123345737279
"robusta",17.0841487279843,0.0203862910195123
"robusta",17.2015655577299,0.0200606897511949
"robusta",17.3189823874755,0.0197362552294234
"robusta",17.4363992172211,0.0194126607328978
"robusta",17.5538160469667,0.0190898012584625
"robusta",17.6712328767123,0.0187688141030313
"robusta",17.7886497064579,0.0184488267076576
"robusta",17.9060665362035,0.018129981895207
"robusta",18.0234833659491,0.017813363934934
"robusta",18.1409001956947,0.0174979466932928
"robusta",18.2583170254403,0.0171840919382945
"robusta",18.3757338551859,0.0168726624969824
"robusta",18.4931506849315,0.0165625963295393
"robusta",18.6105675146771,0.016254510459469
"robusta",18.7279843444227,0.0159489222065617
"robusta",18.8454011741683,0.0156448264065375
"robusta",18.9628180039139,0.0153431177401425
"robusta",19.0802348336595,0.0150438819190515
"robusta",19.1976516634051,0.0147462402872308
"robusta",19.3150684931507,0.0144513785465945
"robusta",19.4324853228963,0.0141588940178765
"robusta",19.5499021526419,0.0138680843796344
"robusta",19.6673189823875,0.0135804355907508
"robusta",19.7847358121331,0.013295019379142
"robusta",19.9021526418787,0.0130113441759737
"robusta",20.0195694716243,0.0127312057030734
"robusta",20.1369863013699,0.0124531228175467
"robusta",20.2544031311155,0.0121768385709717
"robusta",20.3718199608611,0.0119044716562568
"robusta",20.4892367906067,0.0116339621829249
"robusta",20.6066536203522,0.0113655754997453
"robusta",20.7240704500978,0.0111009634720384
"robusta",20.8414872798434,0.0108382652936835
"robusta",20.958904109589,0.0105780334619846
"robusta",21.0763209393346,0.0103214243167788
"robusta",21.1937377690802,0.0100667902553872
"robusta",21.3111545988258,0.00981499168885658
"robusta",21.4285714285714,0.00956665762027879
"robusta",21.545988258317,0.0093203662914113
"robusta",21.6634050880626,0.00907731065440466
"robusta",21.7808219178082,0.00883755370178905
"robusta",21.8982387475538,0.00859991387233666
"robusta",22.0156555772994,0.00836594444915006
"robusta",22.133072407045,0.00813509582386269
"robusta",22.2504892367906,0.00790644454055527
"robusta",22.3679060665362,0.00768193338694522
"robusta",22.4853228962818,0.00746034709727092
"robusta",22.6027397260274,0.00724104227014823
"robusta",22.720156555773,0.0070263791886806
"robusta",22.8375733855186,0.00681442092826883
"robusta",22.9549902152642,0.00660482938628094
"robusta",23.0724070450098,0.00640040614526404
"robusta",23.1898238747554,0.00619843865986331
"robusta",23.307240704501,0.0059992777523096
"robusta",23.4246575342466,0.00580511237938381
"robusta",23.5420743639922,0.00561347866877565
"robusta",23.6594911937378,0.00542510721579094
"robusta",23.7769080234834,0.00524151568061631
"robusta",23.894324853229,0.00506052142791219
"robusta",24.0117416829746,0.00488325099620748
"robusta",24.1291585127202,0.00471049839086534
"robusta",24.2465753424658,0.00454039494763263
"robusta",24.3639921722113,0.0043744706945766
"robusta",24.4814090019569,0.00421275550228329
"robusta",24.5988258317025,0.00405372460972939
"robusta",24.7162426614481,0.00389930864593272
"robusta",24.8336594911937,0.00374874955344669
"robusta",24.9510763209393,0.00360089076618105
"robusta",25.0684931506849,0.00345804913108821
"robusta",25.1859099804305,0.00331867514108955
"robusta",25.3033268101761,0.00318199666257552
"robusta",25.4207436399217,0.00305069065730094
"robusta",25.5381604696673,0.0029224349802969
"robusta",25.6555772994129,0.0027968483405296
"robusta",25.7729941291585,0.00267693059588636
"robusta",25.8904109589041,0.00255962852183361
"robusta",26.0078277886497,0.00244531578559855
"robusta",26.1252446183953,0.00233616255415838
"robusta",26.2426614481409,0.0022295532413444
"robusta",26.3600782778865,0.00212620700238454
"robusta",26.4774951076321,0.00202748602228216
"robusta",26.5949119373777,0.00193121791089847
"robusta",26.7123287671233,0.00183843238038067
"robusta",26.8297455968689,0.00174972712234285
"robusta",26.9471624266145,0.00166336649417371
"robusta",27.0645792563601,0.00158064841081341
"robusta",27.1819960861057,0.00150146873146047
"robusta",27.2994129158513,0.00142451080219719
"robusta",27.4168297455969,0.00135129310382741
"robusta",27.5342465753425,0.00128108787141725
"robusta",27.6516634050881,0.00121296972079698
"robusta",27.7690802348337,0.00114862708744207
"robusta",27.8864970645793,0.00108679805708777
"robusta",28.0039138943249,0.00102691267278592
"robusta",28.1213307240704,0.000970778038546214
"robusta",28.238747553816,0.00091669426471378
"robusta",28.3561643835616,0.000864404993737702
"robusta",28.4735812133072,0.000815786172189081
"robusta",28.5909980430528,0.000768798297821446
"robusta",28.7084148727984,0.000723674363089231
"robusta",28.825831702544,0.000681648719959937
"robusta",28.9432485322896,0.000641102564891957
"robusta",29.0606653620352,0.000602443682101341
"robusta",29.1780821917808,0.000566361629451596
"robusta",29.2954990215264,0.000531610606064981
"robusta",29.412915851272,0.000498728770392053
"robusta",29.5303326810176,0.000467957080827625
"robusta",29.6477495107632,0.000438373082326348
"robusta",29.7651663405088,0.000410604508799139
"robusta",29.8825831702544,0.000384535810360983
"robusta",30,0.000359518337510203
