"soiltype","component","center","unweighted","arabicaed","robustaed"
"topsoil","sand",1,0,0,0
"topsoil","sand",3,0.000313326655880011,0.00121790044611589,0.00138698017381992
"topsoil","sand",5,0.000114287181857873,9.00688234224802e-05,6.70609656092959e-06
"topsoil","sand",7,0.0011788273364666,4.01608917246098e-05,2.46410433982864e-06
"topsoil","sand",9,0.00142024295657087,0.0115418527914567,0.00799349158072494
"topsoil","sand",11,0.001819606030254,0.0259466860573521,0.0106354866279472
"topsoil","sand",13,0.00737473354392994,0.000355436558034702,0.00084381942175683
"topsoil","sand",15,0.000806430901199372,0.00137715483458002,0.000144164339295729
"topsoil","sand",17,0.0043313557798495,0.00472497212412583,0.00166643666907539
"topsoil","sand",19,0.0391157510850862,0.0123787103295263,0.0269625997003575
"topsoil","sand",21,0.024951845288543,0.033728215507946,0.0079545557615103
"topsoil","sand",23,0.0110255027351876,0.00423977977675087,0.00964918451893716
"topsoil","sand",25,0.0257043429129106,0.0533946400184423,0.034884769365537
"topsoil","sand",27,0.0652438554588181,0.0130944744072262,0.0370266960701734
"topsoil","sand",29,0.00525078973726789,0.00817012519159646,0.00315762334453931
"topsoil","sand",31,0.0202801962143976,0.0172892526976653,0.0097020807870517
"topsoil","sand",33,0.0293872152451396,0.0298026144465179,0.0502356025480132
"topsoil","sand",35,0.111855047897886,0.0412658178403499,0.0653444778797185
"topsoil","sand",37,0.0825885404627989,0.0515256738595413,0.0655748649476859
"topsoil","sand",39,0.024691167783856,0.0297617404096017,0.0378747988625158
"topsoil","sand",41,0.0540899401597452,0.0246910359360532,0.0602285463726814
"topsoil","sand",43,0.0847420191591545,0.0958439984224231,0.0673884104869259
"topsoil","sand",45,0.0287515730539076,0.0387488916312937,0.0220426686092994
"topsoil","sand",47,0.0199206410355189,0.0226859753554089,0.0148172393646618
"topsoil","sand",49,0.0145311657292549,0.00899209419059643,0.00795461202622583
"topsoil","sand",51,0.0562190204689627,0.0649939089509485,0.0521083545332147
"topsoil","sand",53,0.00968359144258679,0.0191249214701695,0.00449107095480628
"topsoil","sand",55,0.0159526928114646,0.0199447049022712,0.011067862131094
"topsoil","sand",57,0.0142371009579577,0.00325098694425774,0.0113024549883061
"topsoil","sand",59,0.00716156868788043,0.0143153085880134,0.0254598304870461
"topsoil","sand",61,0.00179649176875474,0.00279722272615623,0.000295350559141538
"topsoil","sand",63,0.00746462233864953,0.0179964677835172,0.00914211298651746
"topsoil","sand",65,0.00406811002388474,0.00281015785839334,0.00688709686317812
"topsoil","sand",67,0.00380871664483662,0.00257234222760538,0.000841401904420946
"topsoil","sand",69,0.0128130056244703,0.00750646404731381,0.00611524255669693
"topsoil","sand",71,0.00220227547063201,0.00769963184888522,0.00563189618898408
"topsoil","sand",73,0.013704188817834,0.02610332132937,0.0230298872824054
"topsoil","sand",75,0.0257736856974086,0.0185520255381321,0.0243505633822432
"topsoil","sand",77,0.0381873282481958,0.0211818483131808,0.0172539923564555
"topsoil","sand",79,0.0115674037547834,0.0028184491180151,0.000302805954275343
"topsoil","sand",81,0.0038331150319747,0.00718779218272125,0.00122417865171665
"topsoil","sand",83,0.00331304414823952,0.00234546303211869,0.00165036762282667
"topsoil","sand",85,0.00125202249788114,0.00552124055220859,0.00256158146220653
"topsoil","sand",87,0.0613041579988186,0.0822779555651487,0.179174853646799
"topsoil","sand",89,0.0283945861263066,0.0521238830878299,0.0250261316628217
"topsoil","sand",91,0.00372268022703337,0.0128291387071648,0.00365315295499991
"topsoil","sand",93,0.00382926265505823,0.00529608775779822,0.00220539968247868
"topsoil","sand",95,0.0092328633433495,0.0649969600163764,0.0423425344655179
"topsoil","sand",97,5.65015281095427e-05,0.000173779604810909,0.000219506124031765
"topsoil","sand",99,0.000933559339445722,0.00467266529984089,0.000184090938460502
"topsoil","silt",1,0.0129568383670376,0.0955503794533531,0.0525649866630475
"topsoil","silt",3,0.0155988106629334,0.030188858093529,0.00863736003394745
"topsoil","silt",5,0.0209045897365092,0.0412607007782097,0.0411274049671802
"topsoil","silt",7,0.0185605938979045,0.0178871586632276,0.0176445116457563
"topsoil","silt",9,0.0404618635088012,0.0687461805517844,0.101426454441148
"topsoil","silt",11,0.0362747805313485,0.042923936183885,0.0847494502386944
"topsoil","silt",13,0.0111291638035667,0.0103327910831001,0.000890968766538547
"topsoil","silt",15,0.0276064912629963,0.0430718742206407,0.0225427079137031
"topsoil","silt",17,0.0404965418033998,0.0265416805607499,0.0312376834525184
"topsoil","silt",19,0.0331036431475047,0.0213611878223182,0.0249275724736726
"topsoil","silt",21,0.0137082014166726,0.00932805636714795,0.00243506334190624
"topsoil","silt",23,0.0284965674910254,0.0262531851067323,0.0155087871617225
"topsoil","silt",25,0.0400649896928402,0.0465335603951556,0.0413185235420958
"topsoil","silt",27,0.0369439431789721,0.0805561758646146,0.0395995914895363
"topsoil","silt",29,0.0866263799071392,0.121735406824232,0.0652563520730559
"topsoil","silt",31,0.0399416890898232,0.0794216697566217,0.0487183708108955
"topsoil","silt",33,0.0219860387754709,0.0281499784219191,0.0179012199190822
"topsoil","silt",35,0.0174470353269072,0.0257121146771876,0.0136220884849292
"topsoil","silt",37,0.0557665508582877,0.0197440261237243,0.0688684892740411
"topsoil","silt",39,0.0620831380003468,0.0279580350682938,0.0605657683160911
"topsoil","silt",41,0.0568569905662195,0.00882099206732478,0.0215175037087646
"topsoil","silt",43,0.0615385603370217,0.0204729887483618,0.0543296213350234
"topsoil","silt",45,0.0150850581503625,0.0212776925412695,0.0118268160842642
"topsoil","silt",47,0.0437318982513148,0.016215971751476,0.0398529355466949
"topsoil","silt",49,0.0260767931568165,0.0197191870885466,0.0280574006071442
"topsoil","silt",51,0.000354489233673871,1.14015467583828e-05,1.43990288575813e-05
"topsoil","silt",53,0.000639621878150809,0.00292087769001004,0.00503641020823375
"topsoil","silt",55,0.040368103675257,0.0137687689607183,0.0307822184325482
"topsoil","silt",57,0.000711547229910625,0.0147343812647991,0.00680931078444558
"topsoil","silt",59,0.00546118920862848,0.00588170696155466,0.00184655365532405
"topsoil","silt",61,0.0272597083170111,0.00732198850031252,0.0121492488564238
"topsoil","silt",63,0.0617402081982057,0.00559708686244154,0.0282342267427133
"topsoil","silt",65,1.7981337939954e-05,0,0
"topsoil","silt",67,0,0,0
"topsoil","clay",1,0.000961810103500527,0.00487467716502697,0.000398128498241525
"topsoil","clay",3,0.00509155815805018,0.0195212965159843,0.00692087142141401
"topsoil","clay",5,0.0538472404140021,0.096976800672175,0.128241301536791
"topsoil","clay",7,0.0483653080617408,0.0687527486886029,0.109910528051731
"topsoil","clay",9,0.0431774404807767,0.0412214027929989,0.0268324953572904
"topsoil","clay",11,0.132421604129748,0.0593414532857694,0.0851465815736852
"topsoil","clay",13,0.0189601150576573,0.0135219513276328,0.00821889714799645
"topsoil","clay",15,0.00537920230115313,0.010403911570548,0.00669100997603211
"topsoil","clay",17,0.052611911549426,0.0380421771303804,0.0683270454040729
"topsoil","clay",19,0.048118755939081,0.0472494294801978,0.043784029578434
"topsoil","clay",21,0.139924750237563,0.0902121653426695,0.101564262366962
"topsoil","clay",23,0.128178853018979,0.0627777853284142,0.122530967483693
"topsoil","clay",25,0.0843028481906669,0.0574776886877931,0.058278464944846
"topsoil","clay",27,0.0349025348640111,0.0486393045337291,0.0303914546576316
"topsoil","clay",29,0.0574338033233172,0.0740924597798605,0.0497307644517472
"topsoil","clay",31,0.0103898605439556,0.022921849325183,0.0114490679905652
"topsoil","clay",33,0.0217299740606621,0.035318127525533,0.0236451343894885
"topsoil","clay",35,0.00565400518786752,0.0134212061921891,0.00907318254537592
"topsoil","clay",37,0.00309731104091227,0.0141163186388948,0.000344645987428116
"topsoil","clay",39,0.00354290263759405,0.00183311563864308,0.00228208686855436
"topsoil","clay",41,0.0227174666769397,0.0151656222581968,0.0126020569121341
"topsoil","clay",43,0.00776767598941874,0.0116685550408381,0.00541075623932397
"topsoil","clay",45,0.0171738962940134,0.0203961182770382,0.0362219319783093
"topsoil","clay",47,0.00976834373475099,0.0282864400379771,0.0143975865599787
"topsoil","clay",49,0.0124046536713152,0.0319924500238978,0.0161555454256443
"topsoil","clay",51,0.00891696843619183,0.0239449736280144,0.00263189226141469
"topsoil","clay",53,0.00581195264144641,0.00235848352618506,0.00115898815011173
"topsoil","clay",55,0.00499396460949741,0.0170846545105996,0.00346852950479659
"topsoil","clay",57,0.00477309499961476,0.00244307873938876,0.000622691014306564
"topsoil","clay",59,0.001393276318155,0.0219119211559828,0.0102670586045892
"topsoil","clay",61,0.00199167886586027,3.2163660380613e-05,1.07236645086051e-06
"topsoil","clay",63,0.000629221563037685,7.76949624659018e-06,5.38979599840061e-08
"topsoil","clay",65,0.000355702801962177,0.00190164034583273,0.0016367301403013
"topsoil","clay",67,0.000778180137144591,2.35865936781821e-08,2.97929193537882e-08
"topsoil","clay",69,0.00022985848935464,0.000915162937937253,1.38751741096677e-07
"topsoil","clay",71,0.000113003056218974,0.000282565620237096,2.80082381987068e-06
"topsoil","clay",73,0.000439170968487557,0.000668662710258783,0.00159799253079662
"topsoil","clay",75,0.000939979967640059,5.90680556926682e-05,4.534799799083e-05
"topsoil","clay",77,0,0,0
"topsoil","clay",79,0.000243983871381914,2.61377552670528e-05,1.10797723479328e-05
"topsoil","clay",81,0.000350566299406774,0.000138633886753947,6.79057023422747e-06
"topsoil","clay",83,0,0,0
"topsoil","clay",85,3.21031409713513e-05,5.1244547494278e-09,6.47284925658909e-09
"topsoil","clay",87,0,0,0
"topsoil","clay",89,0,0,0
"topsoil","clay",91,8.346816652538e-05,0,0
"topsoil","carb",0.00501746820561753,2.5691255338964e-05,0.000108780629293785,0.000136610198311769
"topsoil","carb",0.00612834950532221,0,0,0
"topsoil","carb",0.00748518298877006,0,0,0
"topsoil","carb",0.00914242314781733,0,0,0
"topsoil","carb",0.0111665808490115,0,0,0
"topsoil","carb",0.0136388926482011,0,0,0
"topsoil","carb",0.0166585810987633,0,0,0
"topsoil","carb",0.0203468369010644,0,0,0
"topsoil","carb",0.0248516827107952,0,0,0
"topsoil","carb",0.0303539138078867,0,0,0
"topsoil","carb",0.0370743540459088,0,0,0
"topsoil","carb",0.0452827182886797,5.52361989787726e-05,0,0
"topsoil","carb",0.0553084370147834,0.000137448216063457,0,0
"topsoil","carb",0.0675538775193844,0.000214521982080349,0.00109858450316903,1.8215768360647e-05
"topsoil","carb",0.0825104923265904,0.00161726452358778,0.000799165534604573,2.55216569599551e-07
"topsoil","carb",0.100778542904851,0.000283888371495552,1.38972489377928e-05,8.84474690923476e-05
"topsoil","carb",0.123091190267348,6.80818266482544e-05,5.61295891876156e-07,6.37027683568878e-05
"topsoil","carb",0.150343919297757,0.000168277722470214,0,0
"topsoil","carb",0.183630477702891,0.00771765310382479,0.0121315489525601,0.00183817240499233
"topsoil","carb",0.22428677194858,0.00653713992099939,0.0129423570630985,0.006571124391918
"topsoil","carb",0.273944481876837,0.0163935900317929,0.0232676782128687,0.0231609633264744
"topsoil","carb",0.334596545747127,0.00506888467837759,0.00768643426304697,0.00281499034157327
"topsoil","carb",0.408677143846407,0.105645011079354,0.186070297873433,0.115159692564367
"topsoil","carb",0.499159390691022,0.0480002569125534,0.0379590747038918,0.0150010447348607
"topsoil","carb",0.609674656551564,0.0852461543402165,0.0603421953722078,0.0480042283144042
"topsoil","carb",0.744658307092434,0.112791033751887,0.149525660042074,0.155053849561103
"topsoil","carb",0.909527710169581,0.0680291595748097,0.0567057425230933,0.0516676945738632
"topsoil","carb",1.11089965382423,0.164831240566492,0.0895034828011992,0.105744496374897
"topsoil","carb",1.35685590122009,0.0553967693246412,0.0250039513993416,0.0506761439838233
"topsoil","carb",1.65726754017612,0.0562728411316997,0.0846863333482583,0.0708026132463508
"topsoil","carb",2.02419114458044,0.124187674620251,0.111474445031303,0.234925575311701
"topsoil","carb",2.47235264703394,0.0262911461511288,0.0761653514633651,0.0437296083645973
"topsoil","carb",3.01973834223185,0.0562689874433989,0.0433794166306242,0.0510458311573676
"topsoil","carb",3.688316740124,0.00530524422749612,0.00787808746153806,0.00343285207775224
"topsoil","carb",4.50492023935578,0.00431356177141207,0.00104514675692813,0.000829079416554301
"topsoil","carb",5.50232200564072,0.00353768586017533,0.0020279658365383,0.00274423367215171
"topsoil","carb",6.72055127397497,0.000265904492758207,0.000118258451544118,0.000149297436653817
"topsoil","carb",8.20849986238988,0.000710363210122411,3.35296619796699e-05,4.23347518231365e-05
"topsoil","carb",10.0258843722804,0,0,0
"topsoil","carb",12.2456428252982,0,0,0
"topsoil","carb",14.9568619222635,0,0,0
"topsoil","carb",18.2683524052735,0.000127171713927843,6.61916122246531e-07,2.7666968493989e-08
"topsoil","carb",22.313016014843,0,0,0
"topsoil","carb",27.2531793034012,0,0,0
"topsoil","carb",33.287108369808,0.0444921159960179,0.0100313910230869,0.016298914905112
"topsoil","calc",0.00501746820561753,0.571382709327471,0.53197965310271,0.664473255686146
"topsoil","calc",0.00612834950532221,0,0,0
"topsoil","calc",0.00748518298877006,0,0,0
"topsoil","calc",0.00914242314781733,0,0,0
"topsoil","calc",0.0111665808490115,0,0,0
"topsoil","calc",0.0136388926482011,0,0,0
"topsoil","calc",0.0166585810987633,0,0,0
"topsoil","calc",0.0203468369010644,0,0,0
"topsoil","calc",0.0248516827107952,0,0,0
"topsoil","calc",0.0303539138078867,0,0,0
"topsoil","calc",0.0370743540459088,0,0,0
"topsoil","calc",0.0452827182886797,0,0,0
"topsoil","calc",0.0553084370147834,0,0,0
"topsoil","calc",0.0675538775193844,0,0,0
"topsoil","calc",0.0825104923265904,0,0,0
"topsoil","calc",0.100778542904851,0.0296494814647401,0.0351628951503775,0.018685078316232
"topsoil","calc",0.123091190267348,0,0,0
"topsoil","calc",0.150343919297757,0,0,0
"topsoil","calc",0.183630477702891,0.0216608537982258,0.0292376539748781,0.0223106658157129
"topsoil","calc",0.22428677194858,0,0,0
"topsoil","calc",0.273944481876837,0.0180087629633815,0.0605788108592769,0.0276950424263647
"topsoil","calc",0.334596545747127,0,0,0
"topsoil","calc",0.408677143846407,0.00972093094928683,0.0330079339467018,0.0142792865165018
"topsoil","calc",0.499159390691022,0.037970701088436,0.027185354812657,0.0239110020898369
"topsoil","calc",0.609674656551564,0,0,0
"topsoil","calc",0.744658307092434,0.02026884730562,0.029616823101423,0.0156040715029392
"topsoil","calc",0.909527710169581,0.0367841568087609,0.0642264722110478,0.0361276274233547
"topsoil","calc",1.11089965382423,0.00138815407611348,0.000437252335138694,6.13870913689363e-05
"topsoil","calc",1.35685590122009,0.0015987528443675,0.000449193682550142,0.000270994007909531
"topsoil","calc",1.65726754017612,0.0112362147696512,0.0162032827679652,0.0129372684943561
"topsoil","calc",2.02419114458044,0.0129531083864538,0.0220720404892087,0.0113680741122713
"topsoil","calc",2.47235264703394,0.00516994293287043,0.000660346191601935,0.00012833474122087
"topsoil","calc",3.01973834223185,0.052792231473729,0.0716477489945795,0.0451671392866625
"topsoil","calc",3.688316740124,0.0291923280409692,0.00746084410286496,0.0233841523497887
"topsoil","calc",4.50492023935578,0.0374621821114325,0.0214457904880583,0.0282698457847708
"topsoil","calc",5.50232200564072,0.0282086776965631,0.0204858223056583,0.0331499552135915
"topsoil","calc",6.72055127397497,0.0131380243780915,0.00172257125704534,0.00101695249948841
"topsoil","calc",8.20849986238988,0.0243331467051566,0.0084200617782364,0.00354358529037113
"topsoil","calc",10.0258843722804,0.0203908404945475,0.00978121457654946,0.00574784609222545
"topsoil","calc",12.2456428252982,0.00791800003081933,0.00488941008494992,0.01154808544845
"topsoil","calc",14.9568619222635,0.00195702757816552,0.0013362313092411,0.000319012271861041
"topsoil","calc",18.2683524052735,0.00340296790166583,0.00199152819537474,1.45654439398513e-07
"topsoil","calc",22.313016014843,0.0033040892116929,1.06428190482788e-06,1.19188413616467e-06
"topsoil","calc",27.2531793034012,0.000107867661788608,0,0
"topsoil","calc",33.287108369808,0,0,0
"topsoil","calc",40.6569659740599,0,0,0
"topsoil","calc",49.658530379141,0,0,0
"topsoil","gyps",0.00501746820561753,0.766529265223309,0.688626891225781,0.809098683007358
"topsoil","gyps",0.00612834950532221,0,0,0
"topsoil","gyps",0.00748518298877006,0,0,0
"topsoil","gyps",0.00914242314781733,0,0,0
"topsoil","gyps",0.0111665808490115,0,0,0
"topsoil","gyps",0.0136388926482011,0,0,0
"topsoil","gyps",0.0166585810987633,0,0,0
"topsoil","gyps",0.0203468369010644,0,0,0
"topsoil","gyps",0.0248516827107952,0,0,0
"topsoil","gyps",0.0303539138078867,0,0,0
"topsoil","gyps",0.0370743540459088,0,0,0
"topsoil","gyps",0.0452827182886797,0,0,0
"topsoil","gyps",0.0553084370147834,0,0,0
"topsoil","gyps",0.0675538775193844,0,0,0
"topsoil","gyps",0.0825104923265904,0,0,0
"topsoil","gyps",0.100778542904851,0.167931530420936,0.276499870184227,0.170273192422416
"topsoil","gyps",0.123091190267348,0,0,0
"topsoil","gyps",0.150343919297757,0,0,0
"topsoil","gyps",0.183630477702891,0.0119295271849398,0.0045661658802425,0.00395799256925633
"topsoil","gyps",0.22428677194858,0,0,0
"topsoil","gyps",0.273944481876837,0.000794873770449733,0.000634519062040928,9.65004793607172e-05
"topsoil","gyps",0.334596545747127,0,0,0
"topsoil","gyps",0.408677143846407,0.0056231861725351,0.0127779273137094,0.00806661018399935
"topsoil","gyps",0.499159390691022,0,0,0
"topsoil","gyps",0.609674656551564,0,0,0
"topsoil","gyps",0.744658307092434,0,0,0
"topsoil","gyps",0.909527710169581,1.66936333051426e-05,1.26231358699158e-10,1.59446567060684e-10
"topsoil","gyps",1.11089965382423,0,0,0
"topsoil","gyps",1.35685590122009,0.00370341834245058,1.5701940286883e-06,1.98332599565809e-06
"topsoil","gyps",1.65726754017612,0.039204355754167,0.00744067006183136,0.00493208149831603
"topsoil","gyps",2.02419114458044,0.00104527827002587,0.000195307490305607,0.000220380211037652
"topsoil","gyps",2.47235264703394,0.000213164856049608,0.00109799001202282,1.82122641676496e-05
"topsoil","gyps",3.01973834223185,0,0,0
"topsoil","gyps",3.688316740124,0.000613812055371477,3.67759298457448e-05,4.64257594597894e-05
"topsoil","gyps",4.50492023935578,0.00108893854174685,0.00804425622851945,0.00319167469063342
"topsoil","gyps",5.50232200564072,0.00123789711585387,6.33681343575887e-06,7.78834770021053e-06
"topsoil","gyps",6.72055127397497,6.80586588591714e-05,7.17194777778429e-05,8.84750808524126e-05
"botsoil","sand",1,7.81072692814426e-05,9.75341811611419e-05,0.000119647047570535
"botsoil","sand",3,0.000532013664350958,0.0014080660132753,0.00155025158793306
"botsoil","sand",5,0.00117750392746929,0.0131145861328667,0.00881773004702155
"botsoil","sand",7,0.0018406788553306,0.0029863173407627,0.00137539310865777
"botsoil","sand",9,0.000853285073848213,0.00136546277799453,0.000239608020507511
"botsoil","sand",11,0.00174046575512045,6.61154431827113e-06,1.73042354714419e-05
"botsoil","sand",13,0.0143437368286091,0.0249493175742248,0.012020773921492
"botsoil","sand",15,0.00941561025356862,0.00987274909923173,0.0166189817492444
"botsoil","sand",17,0.00165646359759135,1.48655705617604e-05,1.91341659382879e-05
"botsoil","sand",19,0.0455085372719047,0.0709668165759388,0.0417140981162549
"botsoil","sand",21,0.0140681508030312,0.0338679154363179,0.0116075075965177
"botsoil","sand",23,0.0123954762627587,0.0157701071495923,0.0136957228085302
"botsoil","sand",25,0.0406305172469693,0.050749499593053,0.059582226398463
"botsoil","sand",27,0.0952157086982023,0.0381428189945459,0.0486638622048865
"botsoil","sand",29,0.00764419633514798,0.0132707847072737,0.0161033374580503
"botsoil","sand",31,0.0251019078805814,0.010707399842344,0.0162976891517309
"botsoil","sand",33,0.0703952817314465,0.0580875041727133,0.0636228922446803
"botsoil","sand",35,0.0503850835747782,0.0132664746920876,0.0439787760491214
"botsoil","sand",37,0.0972391290892103,0.0391734773437081,0.0744285571592486
"botsoil","sand",39,0.0179337237714316,0.00596299670150063,0.00531558715615349
"botsoil","sand",41,0.0766983909902528,0.0454851420538985,0.0577464290986199
"botsoil","sand",43,0.0599510134786621,0.0541306468433042,0.048540798691297
"botsoil","sand",45,0.0475186941643553,0.0386485437100987,0.0295333157906412
"botsoil","sand",47,0.0467081470303027,0.0250145570945326,0.0140740986691397
"botsoil","sand",49,0.0233408100165942,0.0244320068482808,0.0152077425775814
"botsoil","sand",51,0.00190404890399287,0.00034555229885469,0.000304921438836314
"botsoil","sand",53,0.0148123804442978,0.0373223013359983,0.0156744542987131
"botsoil","sand",55,0.00394368023768188,0.00067879313660546,0.00398308123748925
"botsoil","sand",57,0.00571067298991679,0.00127819968825094,0.000493835010128785
"botsoil","sand",59,0.00199541967183159,0.0031055920161247,0.00365710950045928
"botsoil","sand",61,0.00184804746564016,0.00158076675937302,0.000337027764452769
"botsoil","sand",63,0.00518308049175153,0.00277447623311777,0.00447883271250649
"botsoil","sand",65,0.0137056151758004,0.0313870759740142,0.0291442056172038
"botsoil","sand",67,0.010831857155068,0.0295338302868077,0.00889567172291084
"botsoil","sand",69,0.00772525104855326,0.00308969100456891,0.00343188851533771
"botsoil","sand",71,0.0160679916410484,0.00962383844223835,0.0092645156804505
"botsoil","sand",73,0.00118487253777888,0.00481180774787637,0.00376731227895
"botsoil","sand",75,0.00396136490242482,0.00256722783374042,0.0117939916675998
"botsoil","sand",77,0.0135479269151755,0.0139017668433969,0.0174257930922369
"botsoil","sand",79,0.00939645186676374,0.00845785661719756,0.00706975079481398
"botsoil","sand",81,0.0046716989362674,0.00651051437114192,0.00527373108547269
"botsoil","sand",83,0.00600983856848536,0.0397076690258663,0.016281526716692
"botsoil","sand",85,0.0296571827739576,0.0256981946442069,0.0842094145293822
"botsoil","sand",87,0.0383683538819313,0.0623883467931249,0.10561310107072
"botsoil","sand",89,0.0184657374357826,0.0276652665172633,0.0110029200205153
"botsoil","sand",91,0.014343736828609,0.0151816188544301,0.00948850972712256
"botsoil","sand",93,0.00893517686138467,0.0669033882236164,0.0469237929871075
"botsoil","sand",95,0.00253774939061591,0.000929859569303471,2.36829875932543e-06
"botsoil","sand",97,0.00179794091553509,0.00732473012305557,3.85195688342721e-05
"botsoil","sand",99,0.00102128938890644,0.00573943366623864,0.000552259608551986
"botsoil","silt",1,0.0104833643503676,0.0833265565638803,0.0468492764048761
"botsoil","silt",3,0.0191012826600523,0.0260202454198786,0.0136517590457679
"botsoil","silt",5,0.037270579630214,0.0925330989522097,0.0511531862683402
"botsoil","silt",7,0.0449889547898461,0.0765137087947933,0.109604162365152
"botsoil","silt",9,0.0118946148333191,0.0189478435076046,0.0231243578860628
"botsoil","silt",11,0.0433594544934393,0.0736762130226503,0.0985704563899683
"botsoil","silt",13,0.0135786775830898,0.0219777611003761,0.014328320806636
"botsoil","silt",15,0.0136066961402226,0.00914393367654326,0.011612777060685
"botsoil","silt",17,0.0530214327215457,0.069028307333651,0.0484721396170836
"botsoil","silt",19,0.0146655026676615,0.0127399889957891,0.00253670630431962
"botsoil","silt",21,0.0476035285686057,0.0745605843719317,0.0594090084108696
"botsoil","silt",23,0.0235901504449052,0.0145557532077289,0.0110361513325927
"botsoil","silt",25,0.0406799956350037,0.0823011873677566,0.0241453575833345
"botsoil","silt",27,0.0602104046174582,0.0448165669118242,0.0249129260088876
"botsoil","silt",29,0.0289947826497297,0.0330344191376591,0.0207001739755145
"botsoil","silt",31,0.0497668561114372,0.0640586978485989,0.0404728269978212
"botsoil","silt",33,0.0149294669690704,0.00945098181629078,0.0114608818804268
"botsoil","silt",35,0.109266474174264,0.0553761434909344,0.0974938605029206
"botsoil","silt",37,0.0440348491864295,0.013354309841058,0.0425085881896357
"botsoil","silt",39,0.0225224959520558,0.0150487280867941,0.0252083711065446
"botsoil","silt",41,0.0196498565154943,0.0214429987520472,0.0292256535822862
"botsoil","silt",43,0.0472776285093243,0.00969649540302975,0.0207099872422307
"botsoil","silt",45,0.0349288181182736,0.0103541757300452,0.0324472482835015
"botsoil","silt",47,0.0536761821619119,0.0182931978805747,0.0446280196839085
"botsoil","silt",49,0.0098831773633653,0.0153150283531813,0.0203437921765195
"botsoil","silt",51,0.0174009986403626,0.0128394270126659,0.0219902527218451
"botsoil","silt",53,0.00562730600098504,0.0046241506932948,0.0041271084582728
"botsoil","silt",55,0.00558454083483506,0.0019565624889839,0.0041543189921901
"botsoil","silt",57,0.000216775152553694,7.5185694539126e-05,1.75359950642662e-05
"botsoil","silt",59,0,0,0
"botsoil","silt",61,0.0312982029782252,0.00846608754777833,0.0135696437125091
"botsoil","silt",63,0.0708869495459519,0.00647166099590657,0.0315351510142325
"botsoil","silt",65,0,0,0
"botsoil","silt",67,0,0,0
"botsoil","silt",69,0,0,0
"botsoil","silt",71,0,0,0
"botsoil","clay",1,3.83167736097643e-05,0.000198446248890767,0.000243437813272865
"botsoil","clay",3,0.00540855996722442,0.0222046511499087,0.00764224146499769
"botsoil","clay",5,0.0550066759609405,0.0546552339575079,0.0987224405474412
"botsoil","clay",7,0.0188503788939421,0.0688640786076482,0.0535925146665491
"botsoil","clay",9,0.0541769704400829,0.0893863010451486,0.127977307223498
"botsoil","clay",11,0.0854803007571984,0.0135966781420471,0.0409426727199299
"botsoil","clay",13,0.0163774732740504,0.00892689328388155,0.00640318301789194
"botsoil","clay",15,0.0165071608154989,0.0431141730797456,0.0406811354247817
"botsoil","clay",17,0.0102055252787545,0.0329246293099489,0.00933545929088297
"botsoil","clay",19,0.0153989218249395,0.00623455340484874,0.00945865488608821
"botsoil","clay",21,0.150941561025357,0.0542315511824065,0.112412529115094
"botsoil","clay",23,0.0775266227890484,0.0425182453818919,0.0564327731548558
"botsoil","clay",25,0.0635277369229273,0.0374971010418228,0.0490694189798777
"botsoil","clay",27,0.0748031844186313,0.0611735090876449,0.0446925784492611
"botsoil","clay",29,0.0500019158386805,0.0308178228439558,0.0762127156858661
"botsoil","clay",31,0.043034157929951,0.0379235049475036,0.0241146903576593
"botsoil","clay",33,0.030215723435423,0.0348467828948712,0.0230721768957175
"botsoil","clay",35,0.0800275291281165,0.0902263780081026,0.0669275118564007
"botsoil","clay",37,0.0298635038626256,0.0088688466118062,0.00578281668958436
"botsoil","clay",39,0.00974719771749921,0.0350122934081859,0.0225395994982464
"botsoil","clay",41,0.00492370540885478,0.00779027114020425,0.000512466510115273
"botsoil","clay",43,0.0103190018775219,0.00441038463504317,0.00312877270290479
"botsoil","clay",45,0.00959098317893636,0.00226661803614969,0.00160167159336477
"botsoil","clay",47,0.0161637835750729,0.019369472435483,0.0234501315528838
"botsoil","clay",49,0.00134698196458938,0.00369185660459104,0.00149223365203455
"botsoil","clay",51,0.0158027216699039,0.0292003111683646,0.0307426606892816
"botsoil","clay",53,0.00854169307085362,0.00660390318488502,0.00625830279340378
"botsoil","clay",55,0.00657427411819844,0.00470743625197223,0.00575209741437799
"botsoil","clay",57,0.0144262652640763,0.038117479369237,0.00627818497110044
"botsoil","clay",59,0.00437842824594648,0.00977711366568523,0.00444294452761318
"botsoil","clay",61,0.00533782130825255,0.0408940997702517,0.0161536560587084
"botsoil","clay",63,0.00532308408763338,0.0231396404814104,0.0074818194505446
"botsoil","clay",65,0.00231521735926699,0.0068194998738732,0.00170919491285704
"botsoil","clay",67,0.00242869395803424,2.3000851296362e-05,8.78579926588685e-08
"botsoil","clay",69,0.000278533469701747,6.65757602337225e-05,4.79144718249502e-05
"botsoil","clay",71,0.00175078180955379,0.0247801758805484,0.0112927177942865
"botsoil","clay",73,0.0002328480857825,0.000145146656441053,0.000168523118643682
"botsoil","clay",75,0.000219584587225152,5.85226644922443e-09,7.17908732461581e-09
"botsoil","clay",77,0.000222532031349032,9.69771876135894e-08,5.60697895890527e-08
"botsoil","clay",79,0.00108171199344487,0.000193739333196108,7.33314465870549e-05
"botsoil","clay",81,0.000384641458159529,0.00362238380877833,0.00136987241418729
"botsoil","clay",83,5.60014383527152e-05,0.000322644949394268,3.10384022506049e-06
"botsoil","clay",85,0.000465696171564889,0.00076363097678378,0.00177234590527819
"botsoil","clay",87,0.000321271409497226,5.55152851411389e-05,9.6265594606848e-08
"botsoil","clay",89,0,0,0
"botsoil","clay",91,0,0,0
"botsoil","clay",93,0,0,0
"botsoil","clay",95,0.000374325403726172,1.73234138145517e-05,1.19490694164837e-05
"botsoil","carb",0.00501746820561753,5.0223341678525e-05,0.00033181951785445,0.000259685814898413
"botsoil","carb",0.00612834950532221,0,0,0
"botsoil","carb",0.00748518298877006,0,0,0
"botsoil","carb",0.00914242314781733,0,0,0
"botsoil","carb",0.0111665808490115,0,0,0
"botsoil","carb",0.0136388926482011,0,0,0
"botsoil","carb",0.0166585810987633,0,0,0
"botsoil","carb",0.0203468369010644,0,0,0
"botsoil","carb",0.0248516827107952,0,0,0
"botsoil","carb",0.0303539138078867,6.54425361265628e-05,0,0
"botsoil","carb",0.0370743540459088,0,0,0
"botsoil","carb",0.0452827182886797,0.0028125071339974,0.00836390996324179,0.00462601267733839
"botsoil","carb",0.0553084370147834,3.95699055648984e-05,0.000200244347726518,0.000246816083982321
"botsoil","carb",0.0675538775193844,0.000252638627837429,0.00126529617321673,2.04796769397858e-05
"botsoil","carb",0.0825104923265904,0.00264357407562418,0.00122763421419149,0.000782797060220978
"botsoil","carb",0.100778542904851,0.018561329548827,0.0177204025221923,0.0145494396235824
"botsoil","carb",0.123091190267348,0.00797790172966145,0.0198007341440815,0.00559671002839858
"botsoil","carb",0.150343919297757,0.00692473347385723,0.0187273136263177,0.0075234298877106
"botsoil","carb",0.183630477702891,0.0274873870926012,0.110232727510955,0.0694463056129551
"botsoil","carb",0.22428677194858,0.0637562493817202,0.0550911744674984,0.0294723129669172
"botsoil","carb",0.273944481876837,0.127941680046875,0.0685011676694811,0.0988780308938348
"botsoil","carb",0.334596545747127,0.148778279165684,0.146846863498261,0.158127236650167
"botsoil","carb",0.408677143846407,0.200127841233364,0.121961469839906,0.105019494213761
"botsoil","carb",0.499159390691022,0.13395326185385,0.16601178268347,0.211985179677576
"botsoil","carb",0.609674656551564,0.0487044660726108,0.0418083001705876,0.0486490545543155
"botsoil","carb",0.744658307092434,0.0877219148790455,0.0700546104822508,0.0847331542062734
"botsoil","carb",0.909527710169581,0.065829103665543,0.103610366552716,0.128924361245965
"botsoil","carb",1.11089965382423,0.00981333658009487,0.0104858679224519,0.0017727512863055
"botsoil","carb",1.35685590122009,0.0156240250203556,0.0263855148178245,0.0197789147199591
"botsoil","carb",1.65726754017612,0.00512886852898875,0.00538003291650269,0.0042980764406958
"botsoil","carb",2.02419114458044,0.00362216827863304,0.00106309511165392,0.000490120339526334
"botsoil","carb",2.47235264703394,0.000476360786223595,4.95564329995313e-05,0.000132941565323619
"botsoil","carb",3.01973834223185,1.5219194448024e-06,0,0
"botsoil","carb",3.688316740124,8.52274889090454e-05,1.31380740528986e-05,1.61905355063885e-05
"botsoil","carb",4.50492023935578,0.00105773401413856,0.00174983345973045,6.90603865816097e-06
"botsoil","carb",5.50232200564072,0,0,0
"botsoil","carb",6.72055127397497,0.000150670025035549,7.62362780348802e-07,3.11054995094651e-08
"botsoil","carb",8.20849986238988,0,0,0
"botsoil","carb",10.0258843722804,0,0,0
"botsoil","carb",12.2456428252982,0,0,0
"botsoil","carb",14.9568619222635,0,0,0
"botsoil","carb",18.2683524052735,0,0,0
"botsoil","carb",22.313016014843,0,0,0
"botsoil","carb",27.2531793034012,0,0,0
"botsoil","carb",33.287108369808,0.0204119835937084,0.00311638151805582,0.0046635670936892
"botsoil","calc",0.00501746820561753,0.546344684074477,0.569802700840479,0.635795733684106
"botsoil","calc",0.00612834950532221,0,0,0
"botsoil","calc",0.00748518298877006,0,0,0
"botsoil","calc",0.00914242314781733,0,0,0
"botsoil","calc",0.0111665808490115,0,0,0
"botsoil","calc",0.0136388926482011,0,0,0
"botsoil","calc",0.0166585810987633,0,0,0
"botsoil","calc",0.0203468369010644,0,0,0
"botsoil","calc",0.0248516827107952,0,0,0
"botsoil","calc",0.0303539138078867,0,0,0
"botsoil","calc",0.0370743540459088,0,0,0
"botsoil","calc",0.0452827182886797,0,0,0
"botsoil","calc",0.0553084370147834,0,0,0
"botsoil","calc",0.0675538775193844,0,0,0
"botsoil","calc",0.0825104923265904,0,0,0
"botsoil","calc",0.100778542904851,0.0591470585634577,0.0527465184588188,0.0459892465300913
"botsoil","calc",0.123091190267348,0,0,0
"botsoil","calc",0.150343919297757,0,0,0
"botsoil","calc",0.183630477702891,0.00628549869868811,0.0255896812042176,0.0203863666364208
"botsoil","calc",0.22428677194858,0,0,0
"botsoil","calc",0.273944481876837,0.0131413345594845,0.0148968957078377,0.00639805983977759
"botsoil","calc",0.334596545747127,0,0,0
"botsoil","calc",0.408677143846407,0.0342025448532598,0.0376994885221079,0.0347681374661664
"botsoil","calc",0.499159390691022,0.0110972579604036,0.0122884326934556,0.00841251024121659
"botsoil","calc",0.609674656551564,0.024453758477686,0.0360661036056591,0.0158885938073736
"botsoil","calc",0.744658307092434,0.0039157256840362,0.0017028656829865,0.00040695790776013
"botsoil","calc",0.909527710169581,0.0334759913108322,0.0329312136499976,0.0197934411045385
"botsoil","calc",1.11089965382423,0.000595390732537004,5.8050672857024e-05,7.40815296353947e-05
"botsoil","calc",1.35685590122009,0.0127994270101068,0.0296957903734226,0.00676472667654249
"botsoil","calc",1.65726754017612,0.0172913848139994,0.0282942066271888,0.0187941025238918
"botsoil","calc",2.02419114458044,0.0190525034411816,0.0296412638583499,0.0160443446560146
"botsoil","calc",2.47235264703394,0.00213397470473631,0.0185475218064698,0.00717687466820871
"botsoil","calc",3.01973834223185,0.0195801021596177,0.0140701697146295,0.00985863693559641
"botsoil","calc",3.688316740124,0.0177114005535366,0.0104434240041738,0.0151020048037417
"botsoil","calc",4.50492023935578,0.0126152095804853,0.0241146310270387,0.0166301565363289
"botsoil","calc",5.50232200564072,0.0128097431861657,0.00134782906715725,0.0108025022645388
"botsoil","calc",6.72055127397497,0.0188049152157702,0.0121612416731627,0.00596812302467886
"botsoil","calc",8.20849986238988,0.0591352686479619,0.0181236054817634,0.0436329569643656
"botsoil","calc",10.0258843722804,0.00704594824816596,0.0040797605409254,0.0128923276341888
"botsoil","calc",12.2456428252982,0.0341760175433943,0.0169717699398612,0.0342856986577499
"botsoil","calc",14.9568619222635,0.0239910042944768,0.00146774573278019,0.000802988577179975
"botsoil","calc",18.2683524052735,0.00113035814815787,0.00256506246130161,0.0100533139438403
"botsoil","calc",22.313016014843,0.00294158391619737,1.06487041184877e-06,1.30625903138615e-06
"botsoil","calc",27.2531793034012,0.00390835698685121,4.4212581033598e-05,3.35014767038899e-08
"botsoil","calc",33.287108369808,0.00141036864118282,0.000513482428260326,0.000950808116890522
"botsoil","calc",40.6569659740599,0.000803187993150045,0.00413526677365239,0.00232596550864794
"botsoil","gyps",0.00501746820561753,0.762800274536719,0.732240726432106,0.800862116956822
"botsoil","gyps",0.00612834950532221,0,0,0
"botsoil","gyps",0.00748518298877006,0,0,0
"botsoil","gyps",0.00914242314781733,0,0,0
"botsoil","gyps",0.0111665808490115,0,0,0
"botsoil","gyps",0.0136388926482011,0,0,0
"botsoil","gyps",0.0166585810987633,0,0,0
"botsoil","gyps",0.0203468369010644,0,0,0
"botsoil","gyps",0.0248516827107952,0,0,0
"botsoil","gyps",0.0303539138078867,0,0,0
"botsoil","gyps",0.0370743540459088,0,0,0
"botsoil","gyps",0.0452827182886797,0,0,0
"botsoil","gyps",0.0553084370147834,0,0,0
"botsoil","gyps",0.0675538775193844,0,0,0
"botsoil","gyps",0.0825104923265904,0,0,0
"botsoil","gyps",0.100778542904851,0.141165009852326,0.216300949303823,0.165291786825887
"botsoil","gyps",0.123091190267348,0,0,0
"botsoil","gyps",0.150343919297757,0,0,0
"botsoil","gyps",0.183630477702891,0.011353421745965,0.000525495445165003,0.000621694993309774
"botsoil","gyps",0.22428677194858,0,0,0
"botsoil","gyps",0.273944481876837,0.0121726038922222,0.00764300786017968,0.00834064607781126
"botsoil","gyps",0.334596545747127,0,0,0
"botsoil","gyps",0.408677143846407,0.0134788673146323,0.00542655907430079,0.00436440891479051
"botsoil","gyps",0.499159390691022,2.95200773425819e-06,0,0
"botsoil","gyps",0.609674656551564,1.47600386712909e-06,0,0
"botsoil","gyps",0.744658307092434,9.44642474963731e-05,6.82448518452006e-06,1.82215270093655e-05
"botsoil","gyps",0.909527710169581,0.0438668349311075,0.00958084325183561,0.00528040673364194
"botsoil","gyps",1.11089965382423,0.00727522306108441,0.0146372634437901,0.00900013414383483
"botsoil","gyps",1.35685590122009,0,0,0
"botsoil","gyps",1.65726754017612,0.00122951122131931,7.23806124502957e-06,8.63994359612263e-06
"botsoil","gyps",2.02419114458044,0.00125165127932636,0.00918834361195664,0.00354065976069329
"botsoil","gyps",2.47235264703394,0,0,0
"botsoil","gyps",3.01973834223185,5.90401546852748e-05,0.000223084929164008,0.000244477091466688
"botsoil","gyps",3.688316740124,0.00122951122131942,0.0041360385244491,0.00232656522598584
"botsoil","gyps",4.50492023935578,0,0,0
"botsoil","gyps",5.50232200564072,0.00109519486941045,6.41240049614744e-07,7.86645013350906e-07
"botsoil","gyps",6.72055127397497,0,0,0
"botsoil","gyps",8.20849986238988,0,0,0
"botsoil","gyps",10.0258843722804,0,0,0
"botsoil","gyps",12.2456428252982,7.8228204957953e-05,8.19197184639409e-05,9.81491501992338e-05
"botsoil","gyps",14.9568619222635,0,0,0
"botsoil","gyps",18.2683524052735,0,0,0
"botsoil","gyps",22.313016014843,0.00284573545582689,1.06461828663917e-06,1.30600993875074e-06
"botsoil","gyps",27.2531793034012,0,0,0
