country,scenario,temp,precip
Angola,present,213.8018228332037,770.4526398936825
Burundi,present,199.09016679273572,1214.052101205807
Benin,present,271.73764640553776,1100.7283548367836
Belize,present,250.00014228169576,3553.240052804896
Bolivia,present,136.0744722393089,945.5233017726109
Brazil,present,210.34449288323322,1290.0774345173766
Central African Republic,present,253.98405846885325,1519.115215681593
China,present,184.34226437045635,1505.6672448472927
Côte d'Ivoire,present,255.85990490731137,1543.7017106637136
Cameroon,present,231.05013175208316,2004.9639096102849
Democratic Republic of the Congo,present,209.67162073899135,1551.1027726215639
Republic of Congo,present,237.8315597978933,1828.4292791226114
Colombia,present,203.26231838276584,2413.3187779686746
Costa Rica,present,230.8107856860799,2923.1627937299854
Cuba,present,245.7140301505427,1328.7662184096328
Dominican Republic,present,232.1134285351108,1302.7848689932873
Ecuador,present,216.8576213966844,1027.8927744489322
Ethiopia,present,202.9433195046467,1214.218434057562
Gabon,present,247.8412667375435,2053.8854879779005
Ghana,present,264.7891193384952,1357.1436352697492
Guinea,present,244.1003642783395,1907.3698430465774
Equatorial Guinea,present,231.14031385023478,2452.1008519938273
Guatemala,present,211.52958535975424,2109.3636391426567
Guyana,present,263.66181708658127,1941.3283727177272
Honduras,present,229.37753350877534,1539.632111215991
Haiti,present,238.877959710883,1566.862454791233
Indonesia,present,232.30764187327384,2694.106261891855
India,present,248.34158458536297,840.7957869395891
Jamaica,present,234.54272832103274,2322.838054512144
Kenya,present,224.47054021578222,862.6116678793036
Cambodia,present,275.7681957297434,1498.218692094708
Lao PDR,present,204.76754546229526,1555.9821115249233
Liberia,present,257.8620924010859,2910.1708826521162
Sri Lanka,present,267.4150673882814,1868.1457089328142
Madagascar,present,214.654434106009,1784.2671431189226
Mexico,present,220.6628297371308,1682.8588515086092
Myanmar,present,201.5354067573267,1666.6258685103905
Mozambique,present,224.806945265418,1134.4657404034397
Malawi,present,238.4708360845357,1445.8079497743468
Malaysia,present,263.45597380880554,2608.4290454316106
Nigeria,present,261.0831901776106,1417.0737342364205
Nicaragua,present,247.80974955985016,1646.4833247203267
Nepal,present,213.17447131163206,1675.625231152252
Panama,present,233.0371564211654,2867.5779616573022
Peru,present,165.16021589718008,847.4048885228096
Philippines,present,256.45874108717095,2439.399325133821
Papua New Guinea,present,229.74168385123662,2882.82319810079
Puerto Rico,present,231.16702518449412,2026.7087633929752
Paraguay,present,212.17769007775917,1626.2150683962686
Rwanda,present,186.0358046960518,1291.0429774681152
Sierra Leone,present,262.4343049248345,3006.3069438201387
El Salvador,present,237.31319627048663,1875.2508744674244
Suriname,present,272.3584455404545,1873.769637549644
Togo,present,258.1421656684738,1315.7717644139761
Thailand,present,267.1896895912585,1407.473275802675
Timor-Leste,present,244.9639395852909,1721.431069614346
Trinidad and Tobago,present,259.3139438217516,1981.783489133217
Tanzania,present,210.2529451684112,1107.32852632756
Uganda,present,218.3971413919291,1302.9472188666473
United States,present,146.484269144937,1496.396786482045
Venezuela,present,255.00375147867842,1099.5570263953439
Vietnam,present,220.8015834488285,1797.3331480835245
Yemen,present,194.38261043862852,257.34457660388983
Zambia,present,211.8495514264243,1053.710976702755
Zimbabwe,present,197.16754841550804,825.2726449153271
Angola,in85bi50,231.97223178047545,751.8628957610094
Burundi,in85bi50,213.8810384805308,1261.4957563102607
Benin,in85bi50,288.6112393472495,905.9717376083958
Belize,in85bi50,265.83527590840725,2639.2804079942853
Bolivia,in85bi50,151.1052523224893,915.8056065759199
Brazil,in85bi50,225.32033876022297,1305.3398898534474
Central African Republic,in85bi50,268.6502807747332,1526.9110483023546
China,in85bi50,197.60743475907418,1535.6122751053854
Côte d'Ivoire,in85bi50,272.0864548808251,1433.2827717516002
Cameroon,in85bi50,247.98345474551826,1858.6337675505097
Democratic Republic of the Congo,in85bi50,224.87857427170644,1613.0876650396754
Republic of Congo,in85bi50,251.550062148137,1768.0335210664953
Colombia,in85bi50,217.06278759735324,2315.430208853619
Costa Rica,in85bi50,244.62844556158333,2584.0447629299983
Cuba,in85bi50,257.20767361133505,1240.5876190421254
Dominican Republic,in85bi50,246.52801399901557,1187.0641381748526
Ecuador,in85bi50,227.75539468874908,1038.3751475085803
Ethiopia,in85bi50,218.74193271040468,1283.5222180966812
Gabon,in85bi50,261.33320722835305,1987.35350587774
Ghana,in85bi50,279.70662737468155,1165.7202670395602
Guinea,in85bi50,262.8884020001275,1729.1217619255242
Equatorial Guinea,in85bi50,244.98150851632144,2399.8605839000247
Guatemala,in85bi50,227.53069412924984,1773.2462439690144
Guyana,in85bi50,274.6069436610246,1810.3499219294795
Honduras,in85bi50,246.14018268098928,1222.0761428352914
Haiti,in85bi50,254.48403651819922,1431.7941660129695
Indonesia,in85bi50,243.62364745428667,2808.564020838035
India,in85bi50,261.61377999439844,864.8704846438559
Jamaica,in85bi50,246.41365126833824,2191.897978572547
Kenya,in85bi50,239.38158467641537,920.4575628904655
Cambodia,in85bi50,288.37618374739867,1644.0564788780684
Lao PDR,in85bi50,217.12083207647171,1644.4602646474257
Liberia,in85bi50,273.72953802059334,2716.742452715019
Sri Lanka,in85bi50,278.04987147562593,1917.069546020905
Madagascar,in85bi50,226.30703582001823,1869.8738963192204
Mexico,in85bi50,237.3499143475488,1445.3214010764093
Myanmar,in85bi50,214.84235632497922,1718.7294799880226
Mozambique,in85bi50,238.9489490981104,1105.1782948696527
Malawi,in85bi50,252.2068993247979,1404.671027663799
Malaysia,in85bi50,274.8941180294297,2664.6982351965066
Nigeria,in85bi50,278.0492696663742,1257.1772419230247
Nicaragua,in85bi50,265.5563684690109,1351.6278695265642
Nepal,in85bi50,228.69349056210868,1768.2434897393487
Panama,in85bi50,246.00195680832545,2755.082862469644
Peru,in85bi50,178.51523302551786,875.0475000984338
Philippines,in85bi50,268.11585924900567,2659.667675499354
Papua New Guinea,in85bi50,240.63921261083132,2963.496105476599
Puerto Rico,in85bi50,243.45518144067756,1826.5958973938407
Paraguay,in85bi50,232.4263758957423,1666.0517392008123
Rwanda,in85bi50,201.720627202168,1315.8713670656052
Sierra Leone,in85bi50,280.4598935587188,2693.522705334395
El Salvador,in85bi50,254.87955075953334,1598.0303433933861
Suriname,in85bi50,282.5428007068768,1794.4874725172253
Togo,in85bi50,274.1475890979433,1090.269758188721
Thailand,in85bi50,279.97989021042997,1490.343893040027
Timor-Leste,in85bi50,255.90306904398074,1680.135477419851
Trinidad and Tobago,in85bi50,270.48383744902577,1714.419170437731
Tanzania,in85bi50,224.6484794736095,1094.5367996576765
Uganda,in85bi50,233.191215050703,1376.9415043880254
United States,in85bi50,156.6020322544384,1344.351504386756
Venezuela,in85bi50,271.27372038276417,912.7563053579551
Vietnam,in85bi50,232.7158055597107,1877.785530729145
Yemen,in85bi50,212.85652209800895,270.4952344673859
Zambia,in85bi50,225.66233884966132,1021.7453115568806
Zimbabwe,in85bi50,212.01291198353906,814.8278964290037
Angola,no85bi50,234.2499600062391,782.46453556367
Burundi,no85bi50,219.43511904318964,1214.9528356414462
Benin,no85bi50,291.0363156718873,1130.7921616984852
Belize,no85bi50,269.5331489988135,2536.3008635621836
Bolivia,no85bi50,159.23638432782877,965.2893891003132
Brazil,no85bi50,229.35528016186163,1367.8215253337466
Central African Republic,no85bi50,273.73816248331985,1678.4818978309058
China,no85bi50,205.62797088658508,1617.8396190479525
Côte d'Ivoire,no85bi50,277.33070246840174,1530.0442023394949
Cameroon,no85bi50,250.03829998921094,1840.407785270047
Democratic Republic of the Congo,no85bi50,229.61458382169906,1568.1524221996426
Republic of Congo,no85bi50,256.1550128078944,1898.1111045213024
Colombia,no85bi50,223.80396266722616,2811.4030236260555
Costa Rica,no85bi50,246.90067443860292,2353.7542713664848
Cuba,no85bi50,260.98365753873964,977.72462079396
Dominican Republic,no85bi50,247.03383871670644,892.6199575484098
Ecuador,no85bi50,234.61493783470456,1164.9166494979124
Ethiopia,no85bi50,221.84098569167372,1245.3276659031394
Gabon,no85bi50,265.02534439515523,2217.5722934287423
Ghana,no85bi50,282.7163795927683,1355.488201693585
Guinea,no85bi50,266.10817484735213,1816.0875409992273
Equatorial Guinea,no85bi50,247.12301905958114,2618.6129076877546
Guatemala,no85bi50,232.48544415959495,1439.0035309049047
Guyana,no85bi50,285.68781093881546,1564.5458555743903
Honduras,no85bi50,248.72993056890988,1109.1492884925005
Haiti,no85bi50,253.9151780739574,1033.0680094200911
Indonesia,no85bi50,248.21752439858278,2877.323635000666
India,no85bi50,265.87190215358675,858.7077689502055
Jamaica,no85bi50,249.55324677312012,1542.3863402520903
Kenya,no85bi50,242.46495355554896,842.0090226474881
Cambodia,no85bi50,292.51823073339887,1692.6120409694124
Lao PDR,no85bi50,224.87995277777674,1602.7758308178973
Liberia,no85bi50,275.1744198806429,2889.848399412841
Sri Lanka,no85bi50,282.407248658125,2585.3741518740094
Madagascar,no85bi50,229.23564366563738,1694.198006184321
Mexico,no85bi50,242.8262594601652,1363.8203477899121
Myanmar,no85bi50,222.7106356270333,1773.2061009240613
Mozambique,no85bi50,241.31294340599788,1165.9047337231325
Malawi,no85bi50,256.23274803305844,1497.4502215150176
Malaysia,no85bi50,279.4806542940223,2932.963119616771
Nigeria,no85bi50,280.1659883851372,1335.434285722968
Nicaragua,no85bi50,266.32979251026245,1158.616591803602
Nepal,no85bi50,237.60934526823482,1823.9186130143214
Panama,no85bi50,249.83564617776463,2630.967642053547
Peru,no85bi50,185.55806116233077,949.2911277739396
Philippines,no85bi50,273.28648662201516,2767.7762134702234
Papua New Guinea,no85bi50,245.27154615080946,3255.794852144919
Puerto Rico,no85bi50,245.61219209629093,1554.1131794476223
Paraguay,no85bi50,235.8389756527968,1689.4900885778238
Rwanda,no85bi50,206.20546723390302,1299.0143031717398
Sierra Leone,no85bi50,278.7378684250927,2962.465636900301
El Salvador,no85bi50,257.43088600639163,1260.477714130345
Suriname,no85bi50,292.5247249311922,1510.959524998752
Togo,no85bi50,276.39844825464365,1343.4006074320966
Thailand,no85bi50,285.00908226262936,1483.4625574023576
Timor-Leste,no85bi50,258.94318619963167,1913.753774378587
Trinidad and Tobago,no85bi50,274.7942591525072,1284.1062765588492
Tanzania,no85bi50,228.40359236586207,1135.763160858888
Uganda,no85bi50,235.08441382499197,1310.065377990683
United States,no85bi50,157.02388364344543,1119.3660593140291
Venezuela,no85bi50,276.31963549176595,777.6924281509914
Vietnam,no85bi50,240.01177468363514,1891.359622480904
Yemen,no85bi50,216.64681369167488,292.38276605806163
Zambia,no85bi50,230.34052620444544,1115.9580995587435
Zimbabwe,no85bi50,214.1812741094646,830.766662800118
Angola,hg85bi50,244.48101356766696,782.4298963787807
Burundi,hg85bi50,230.74774407653254,1162.9253664276787
Benin,hg85bi50,300.0841469658245,1118.2433973947589
Belize,hg85bi50,277.4203414461619,2972.9576657824778
Bolivia,hg85bi50,165.66469560858494,951.6912880378428
Brazil,hg85bi50,237.5630179977853,1325.5679374281292
Central African Republic,hg85bi50,285.4720873030285,1578.5163147253413
China,hg85bi50,213.47696460140736,1581.8472288252692
Côte d'Ivoire,hg85bi50,283.51594559367896,1522.1611783152057
Cameroon,hg85bi50,257.2421625511266,2173.6433532652313
Democratic Republic of the Congo,hg85bi50,241.32703925866133,1526.5733893930726
Republic of Congo,hg85bi50,267.1188612795576,1867.328623095142
Colombia,hg85bi50,228.62537188126666,2597.881844098824
Costa Rica,hg85bi50,254.5777386096933,3253.746502230298
Cuba,hg85bi50,267.31561657446207,1234.0538670795759
Dominican Republic,hg85bi50,257.25145510953337,1103.9657609209357
Ecuador,hg85bi50,240.45287607880385,1375.2618800436433
Ethiopia,hg85bi50,234.83527687403614,1187.139339257856
Gabon,hg85bi50,274.8277943463295,2165.5738018516545
Ghana,hg85bi50,292.08393448453023,1302.275062960127
Guinea,hg85bi50,273.8149841015198,1945.737664725605
Equatorial Guinea,hg85bi50,255.09903202209986,2614.7794527054994
Guatemala,hg85bi50,240.03024380325212,1945.2537816518065
Guyana,hg85bi50,292.5089007411429,1380.0555936476394
Honduras,hg85bi50,256.6757994075496,1485.8824235923353
Haiti,hg85bi50,263.50459685041403,1340.7858281985439
Indonesia,hg85bi50,255.8150185806038,2720.0477476486967
India,hg85bi50,274.32036650243475,975.9908028943399
Jamaica,hg85bi50,254.4753441527149,2318.117923355064
Kenya,hg85bi50,253.9043449977125,819.6001625739259
Cambodia,hg85bi50,300.9259633961275,1445.2679040625226
Lao PDR,hg85bi50,236.33264598917899,1451.1367401567406
Liberia,hg85bi50,283.4728391004362,2813.049468822068
Sri Lanka,hg85bi50,288.61024839441626,1764.8018194128117
Madagascar,hg85bi50,237.94048976081663,1647.3681895736959
Mexico,hg85bi50,248.9544324209817,1590.283078364393
Myanmar,hg85bi50,231.48869778938004,1821.3073507627134
Mozambique,hg85bi50,254.80402740933133,1036.3144383091485
Malawi,hg85bi50,267.3625287770674,1258.3368064212646
Malaysia,hg85bi50,285.7334366741715,2655.1207409748636
Nigeria,hg85bi50,287.9455719392788,1507.7227089843354
Nicaragua,hg85bi50,273.738631076784,1658.4373166064752
Nepal,hg85bi50,237.88643284948895,1710.2413320650774
Panama,hg85bi50,256.31972613891674,3167.470448473442
Peru,hg85bi50,192.11273010317518,940.6152264744327
Philippines,hg85bi50,276.21543922667166,2528.15282717544
Papua New Guinea,hg85bi50,252.40799566898428,3017.8620417036186
Puerto Rico,hg85bi50,251.34513333540596,1728.5062527009263
Paraguay,hg85bi50,240.2718081516743,1632.7569734101949
Rwanda,hg85bi50,217.25665412987158,1238.3652739519061
Sierra Leone,hg85bi50,288.7219115043555,2926.3838000289056
El Salvador,hg85bi50,263.4117540276957,1740.5066772650785
Suriname,hg85bi50,298.9516565306129,1340.3311809397876
Togo,hg85bi50,286.196228051237,1299.0167142135545
Thailand,hg85bi50,297.52195845318465,1291.83230400959
Timor-Leste,hg85bi50,265.4070600526395,1535.04295521864
Trinidad and Tobago,hg85bi50,279.5693332043596,1790.3195726905558
Tanzania,hg85bi50,240.01468758815744,1007.577568162846
Uganda,hg85bi50,249.62277177258807,1255.2529820328505
United States,hg85bi50,169.8627451375669,1518.96383641497
Venezuela,hg85bi50,282.971923978242,970.4875731003461
Vietnam,hg85bi50,249.92386691136605,1751.967242739181
Yemen,hg85bi50,227.45500443542463,238.79494171165118
Zambia,hg85bi50,241.26736071935522,1004.1786822943737
Zimbabwe,hg85bi50,226.8127224698977,781.8342899954159
Angola,cn85bi50,234.6434577109279,773.6353437818859
Burundi,cn85bi50,220.26514324101194,1221.6325441109464
Benin,cn85bi50,290.0853693131873,1146.9732733187977
Belize,cn85bi50,268.159143134086,3449.782990379515
Bolivia,cn85bi50,157.7480675500029,987.9308255953263
Brazil,cn85bi50,230.05477603223386,1311.2959897145588
Central African Republic,cn85bi50,274.30513362441417,1610.8391333126442
China,cn85bi50,201.2453034293401,1594.9575592156764
Côte d'Ivoire,cn85bi50,274.1325347175357,1612.6896570945876
Cameroon,cn85bi50,249.49264676833135,2052.9236938568465
Democratic Republic of the Congo,cn85bi50,230.63241415540986,1550.9038712718032
Republic of Congo,cn85bi50,257.00725533663706,1846.2584551569919
Colombia,cn85bi50,221.15138470898165,2444.416512917406
Costa Rica,cn85bi50,246.6026905389859,2943.202956471298
Cuba,cn85bi50,261.8115940089531,1363.6823908289387
Dominican Republic,cn85bi50,249.769525297256,1261.7481471240615
Ecuador,cn85bi50,233.46784977466973,1123.1007915551345
Ethiopia,cn85bi50,223.30573495754172,1226.9234555820392
Gabon,cn85bi50,265.8037021730108,2083.197415802446
Ghana,cn85bi50,282.67087269242637,1413.4711556506234
Guinea,cn85bi50,263.32320157417286,1980.4977715614627
Equatorial Guinea,cn85bi50,247.31539170861433,2551.124293909671
Guatemala,cn85bi50,229.84431139196855,2041.5055271189456
Guyana,cn85bi50,283.3856811551273,1741.952257713238
Honduras,cn85bi50,246.7671051689662,1521.873942385226
Haiti,cn85bi50,256.8875304070787,1519.2945506191668
Indonesia,cn85bi50,248.30400567047445,2752.397506417663
India,cn85bi50,266.06027733911907,901.545612328347
Jamaica,cn85bi50,249.4157943976114,2334.291304067377
Kenya,cn85bi50,244.05945010283995,910.0926545652871
Cambodia,cn85bi50,293.38899807015764,1570.3712427631249
Lao PDR,cn85bi50,221.11155359587704,1652.8564077312733
Liberia,cn85bi50,275.3176922484854,3032.703378402711
Sri Lanka,cn85bi50,282.3508687113704,2069.6471639941624
Madagascar,cn85bi50,231.6409893347851,1715.585184335742
Mexico,cn85bi50,239.10789028094024,1630.770226533652
Myanmar,cn85bi50,218.2106834259252,1813.3754216095351
Mozambique,cn85bi50,244.89517581475656,1145.833828501947
Malawi,cn85bi50,259.18074709568833,1487.7001414003087
Malaysia,cn85bi50,279.2635313898316,2617.8712980530586
Nigeria,cn85bi50,279.2783568455561,1491.5022826106544
Nicaragua,cn85bi50,265.98739929659814,1625.8318905442804
Nepal,cn85bi50,228.98810670033288,1972.365548636503
Panama,cn85bi50,248.39867914873653,2936.1097643725425
Peru,cn85bi50,185.0206985037584,971.1995755914166
Philippines,cn85bi50,270.6306632197831,2510.4316386184632
Papua New Guinea,cn85bi50,245.11634138310617,2913.1290234391104
Puerto Rico,cn85bi50,245.4133163679372,1946.9457023936206
Paraguay,cn85bi50,231.50095972280153,1677.4054708299975
Rwanda,cn85bi50,206.99912484721713,1281.7090646918273
Sierra Leone,cn85bi50,280.16368690604355,3104.336904288762
El Salvador,cn85bi50,254.87010076982554,1901.9798298216133
Suriname,cn85bi50,290.7680185506442,1630.5435150145092
Togo,cn85bi50,276.2830821107399,1370.9639301209259
Thailand,cn85bi50,284.465325881317,1499.793846094153
Timor-Leste,cn85bi50,259.29749432667444,1852.5850959054806
Trinidad and Tobago,cn85bi50,274.41067362369876,1821.9451788014462
Tanzania,cn85bi50,230.31654145553304,1174.5090708847267
Uganda,cn85bi50,238.14589521732196,1367.3661815995156
United States,cn85bi50,162.43892204261937,1406.8371856671376
Venezuela,cn85bi50,275.0588958957051,1081.8023908866144
Vietnam,cn85bi50,236.3936087159868,1929.3609300526496
Yemen,cn85bi50,216.16824916881242,235.0937267334008
Zambia,cn85bi50,232.88354916671534,1082.3648699854682
Zimbabwe,cn85bi50,217.339224805719,826.5977715326676
Angola,mr85bi50,236.85483766536734,709.2495994779757
Burundi,mr85bi50,218.02128402280158,1194.115584014087
Benin,mr85bi50,298.73398305957033,1334.928012368629
Belize,mr85bi50,284.53807038648813,4138.217032674854
Bolivia,mr85bi50,168.34728712909654,885.705758479857
Brazil,mr85bi50,232.40295754367025,1159.2322148795186
Central African Republic,mr85bi50,273.07800220658356,1482.9204247820003
China,mr85bi50,214.47933790133695,1523.490812693108
Côte d'Ivoire,mr85bi50,266.22819028408435,1458.1610780866897
Cameroon,mr85bi50,250.49312668499533,2004.7836066648576
Democratic Republic of the Congo,mr85bi50,228.3569336859357,1443.0493930176292
Republic of Congo,mr85bi50,261.73782095998735,1754.779922836197
Colombia,mr85bi50,221.6648375837919,2693.1631105926435
Costa Rica,mr85bi50,252.92585566971576,3268.3584016702307
Cuba,mr85bi50,266.8318999809249,1489.2028192788355
Dominican Republic,mr85bi50,253.1432139181102,1515.5444777140735
Ecuador,mr85bi50,239.49094202243856,1087.906039697404
Ethiopia,mr85bi50,222.2218232320978,1271.0038705862914
Gabon,mr85bi50,267.83300638380507,1975.4749486180172
Ghana,mr85bi50,281.8139142096758,1465.4381212893607
Guinea,mr85bi50,262.9819711806174,2208.098319139309
Equatorial Guinea,mr85bi50,252.2281190595367,2320.0254108438717
Guatemala,mr85bi50,242.3912662115404,2649.2190333357794
Guyana,mr85bi50,297.8410015170927,1584.7337508472904
Honduras,mr85bi50,257.5315225518903,1891.2497439605863
Haiti,mr85bi50,260.00185292399385,1791.331966028619
Indonesia,mr85bi50,251.57592970847497,2796.409827240251
India,mr85bi50,271.90843647452965,872.7875765300647
Jamaica,mr85bi50,255.61356851930992,2881.9972584115376
Kenya,mr85bi50,243.58441136981924,1211.3025597335293
Cambodia,mr85bi50,299.8729597714397,1469.9117690338428
Lao PDR,mr85bi50,237.73063248594121,1498.4053442409406
Liberia,mr85bi50,275.16070791291287,2644.3811273823203
Sri Lanka,mr85bi50,284.9476275554003,2222.9347898707833
Madagascar,mr85bi50,236.49061786366607,2056.6020748031856
Mexico,mr85bi50,245.7088879429277,1826.4013238870973
Myanmar,mr85bi50,229.2747124325228,1746.5888147394653
Mozambique,mr85bi50,252.92917378359522,962.8425597963083
Malawi,mr85bi50,261.401206011182,1513.8371555779968
Malaysia,mr85bi50,283.33208787456044,2720.2593724202893
Nigeria,mr85bi50,283.5025132787564,1565.8591162699943
Nicaragua,mr85bi50,272.45829296246416,1864.918884181458
Nepal,mr85bi50,244.27090592886935,1635.2837594582195
Panama,mr85bi50,255.53102690831653,3251.7387245276345
Peru,mr85bi50,191.6384455363443,939.1386606514236
Philippines,mr85bi50,278.20305530513656,2638.0611626088103
Papua New Guinea,mr85bi50,247.77026775083579,2450.042341651531
Puerto Rico,mr85bi50,252.24812315733712,2394.8180069235136
Paraguay,mr85bi50,238.15414574621758,1584.23359505588
Rwanda,mr85bi50,206.44599926859507,1228.6868627279619
Sierra Leone,mr85bi50,282.0380218096649,2966.4802465574553
El Salvador,mr85bi50,265.37832275821154,2371.1985158706975
Suriname,mr85bi50,297.8636450858768,1538.0781394416395
Togo,mr85bi50,279.38020506030614,1499.8556728185577
Thailand,mr85bi50,296.68250482168094,1453.3470853672134
Timor-Leste,mr85bi50,263.0364255461509,1628.9667508366886
Trinidad and Tobago,mr85bi50,282.1680315112008,1738.8744236088403
Tanzania,mr85bi50,228.01868141865125,1385.0503007883376
Uganda,mr85bi50,234.35058401952247,1269.70707198886
United States,mr85bi50,166.7757611212416,1441.1892180724612
Venezuela,mr85bi50,284.9791379391776,1095.0356561369858
Vietnam,mr85bi50,252.77960852852402,1672.9917451665642
Yemen,mr85bi50,218.14622208388408,387.3417538735768
Zambia,mr85bi50,236.4478295338146,1191.4369440504197
Zimbabwe,mr85bi50,229.072613014749,623.6169123448341
Angola,mp85bi50,243.04325370503028,787.0658436199667
Burundi,mp85bi50,229.83112600308993,1177.4018518030566
Benin,mp85bi50,297.82318346869755,1152.6723056225399
Belize,mp85bi50,276.73939390212377,3569.555221177061
Bolivia,mp85bi50,168.3886149764514,977.3022392135475
Brazil,mp85bi50,236.59006491243366,1272.5959479447938
Central African Republic,mp85bi50,282.6662532121875,1563.034947488434
China,mp85bi50,213.7820566284701,1556.2338855770056
Côte d'Ivoire,mp85bi50,280.77552158054345,1621.6509886721549
Cameroon,mp85bi50,256.78726473917493,2205.186278968364
Democratic Republic of the Congo,mp85bi50,240.0560981817858,1571.0424652618267
Republic of Congo,mp85bi50,263.7351647389292,1983.4558438324873
Colombia,mp85bi50,230.48167875702657,2686.731041176911
Costa Rica,mp85bi50,251.96907102162137,3149.2703307685233
Cuba,mp85bi50,265.7071466543705,1252.0872344636614
Dominican Republic,mp85bi50,252.26210048959675,1112.1927552834265
Ecuador,mp85bi50,240.98508477290812,1335.9111808386629
Ethiopia,mp85bi50,234.0766455471621,1299.3030369403507
Gabon,mp85bi50,271.6772390519267,2108.660324590114
Ghana,mp85bi50,289.5086555211391,1444.4859653022027
Guinea,mp85bi50,271.4127331911765,2017.7414318901835
Equatorial Guinea,mp85bi50,253.03177998122703,2413.27385879782
Guatemala,mp85bi50,241.6426359684408,2135.263250641978
Guyana,mp85bi50,288.972688293231,1370.3217624123058
Honduras,mp85bi50,254.57970800474186,1425.8480393371394
Haiti,mp85bi50,259.0629395845218,1346.4995354633804
Indonesia,mp85bi50,254.9328371325976,3097.0636762131326
India,mp85bi50,275.09694583138236,823.5715028764104
Jamaica,mp85bi50,254.55044243085493,2059.045261591729
Kenya,mp85bi50,250.451374631385,945.2506985270138
Cambodia,mp85bi50,297.73098038507646,1789.1911584606705
Lao PDR,mp85bi50,231.29863343846048,1662.6112934157284
Liberia,mp85bi50,280.56468546796407,2989.1154576904055
Sri Lanka,mp85bi50,287.29260655709805,2426.8413181191813
Madagascar,mp85bi50,233.88314337606565,1737.1728230354006
Mexico,mp85bi50,247.909044485728,1673.0514731341782
Myanmar,mp85bi50,231.3548939004025,1738.551645132652
Mozambique,mp85bi50,253.23184594427187,1064.8448362015251
Malawi,mp85bi50,267.4915732835381,1416.9540343626863
Malaysia,mp85bi50,283.4859367192898,3167.335621847155
Nigeria,mp85bi50,287.222535528452,1494.5730033280088
Nicaragua,mp85bi50,273.96971266351386,1709.538913343305
Nepal,mp85bi50,245.3428329169109,1541.1998006202089
Panama,mp85bi50,254.3216725534074,2935.2031235264294
Peru,mp85bi50,193.16304502379862,952.0782754612093
Philippines,mp85bi50,278.01490585222615,2572.9013719801806
Papua New Guinea,mp85bi50,251.44213179133894,2933.2206332689007
Puerto Rico,mp85bi50,251.0576091470042,1763.6353511937127
Paraguay,mp85bi50,242.26346763088515,1642.9441537035502
Rwanda,mp85bi50,216.83665967764537,1218.5706847857232
Sierra Leone,mp85bi50,286.04349373715854,3144.1676401686054
El Salvador,mp85bi50,265.36090657814117,1858.3283197394617
Suriname,mp85bi50,295.1632253002719,1173.2095433311397
Togo,mp85bi50,283.9001055283912,1396.4319602610267
Thailand,mp85bi50,291.11722864303323,1575.8237459850397
Timor-Leste,mp85bi50,264.1864806473718,1731.774152116209
Trinidad and Tobago,mp85bi50,277.89754861126227,1071.851165111546
Tanzania,mp85bi50,236.45594032362703,1157.423101976158
Uganda,mp85bi50,246.39772804034538,1321.5919589250445
United States,mp85bi50,166.91468952656973,1559.9147556569444
Venezuela,mp85bi50,282.24718800256346,840.2666065753933
Vietnam,mp85bi50,245.60766496518795,1881.2900158586701
Yemen,mp85bi50,227.4472698521526,222.2781714837467
Zambia,mp85bi50,241.70330232254113,1029.224866749564
Zimbabwe,mp85bi50,226.75857415659644,749.6086036847413
Angola,cc85bi50,237.03296283058663,793.9631612895382
Burundi,cc85bi50,220.78505351897303,1329.2142517128875
Benin,cc85bi50,291.92914486736714,1137.4157475456527
Belize,cc85bi50,270.2565347897634,2584.057627161736
Bolivia,cc85bi50,161.0976875699433,962.3057915684777
Brazil,cc85bi50,233.15417590611779,1244.2628674426471
Central African Republic,cc85bi50,275.84776565084223,1679.249997921802
China,cc85bi50,207.14782315738893,1562.734397239408
Côte d'Ivoire,cc85bi50,279.6523579109294,1580.0247834638087
Cameroon,cc85bi50,251.77075669574532,1869.2992404422525
Democratic Republic of the Congo,cc85bi50,231.41025461190725,1693.9343598478704
Republic of Congo,cc85bi50,259.08607305774245,1821.7675554939422
Colombia,cc85bi50,225.50250677798314,2472.5524265296226
Costa Rica,cc85bi50,248.46793027594268,2379.1989520659026
Cuba,cc85bi50,264.38113375395494,1018.8381543004281
Dominican Republic,cc85bi50,251.02391721853905,917.5264604104451
Ecuador,cc85bi50,236.9024091091621,1048.0304686859015
Ethiopia,cc85bi50,223.2782081906313,1382.261452657776
Gabon,cc85bi50,267.5411255667951,2176.6762770672995
Ghana,cc85bi50,284.14403679099047,1388.8084630433723
Guinea,cc85bi50,266.7067697592049,1902.2952602231649
Equatorial Guinea,cc85bi50,249.46122468257366,2697.058492775372
Guatemala,cc85bi50,234.21226336714557,1722.179193665568
Guyana,cc85bi50,284.60813354941706,1590.3222083161818
Honduras,cc85bi50,250.387546140885,1144.6729340625113
Haiti,cc85bi50,258.50395532314695,1103.1876737128814
Indonesia,cc85bi50,250.77260288959096,2958.746192987979
India,cc85bi50,268.18119300099323,892.2728970121577
Jamaica,cc85bi50,251.15723916093566,1677.6102841834404
Kenya,cc85bi50,243.59259783783418,1080.1608730132568
Cambodia,cc85bi50,294.85106692427036,1552.972154899854
Lao PDR,cc85bi50,225.85907802282983,1609.5082275880766
Liberia,cc85bi50,277.4618771643685,2992.269345512568
Sri Lanka,cc85bi50,285.0396906379968,1916.6341013010904
Madagascar,cc85bi50,232.78801258985064,1763.2826599578382
Mexico,cc85bi50,244.57425755562326,1459.4637966434843
Myanmar,cc85bi50,223.93641863517198,1767.466246810114
Mozambique,cc85bi50,247.8918050715281,1188.5394429677385
Malawi,cc85bi50,262.13191340028294,1433.598977826663
Malaysia,cc85bi50,281.6036433447703,2756.6671469272987
Nigeria,cc85bi50,281.4394737389726,1382.8903574768678
Nicaragua,cc85bi50,267.102698502128,1184.968568347526
Nepal,cc85bi50,236.35342130564433,1858.3969299659138
Panama,cc85bi50,249.53225079539433,2509.6181654050015
Peru,cc85bi50,187.76928094142556,889.170125491596
Philippines,cc85bi50,272.98490268630513,2523.5705892786036
Papua New Guinea,cc85bi50,247.95513865862887,3307.8553014245504
Puerto Rico,cc85bi50,247.11503996017436,1345.057461645177
Paraguay,cc85bi50,241.16814648405386,1613.80002035083
Rwanda,cc85bi50,208.14530681627713,1461.0547606028283
Sierra Leone,cc85bi50,281.36304980652966,3103.9488304179386
El Salvador,cc85bi50,259.8675564239944,1279.2934560449755
Suriname,cc85bi50,292.531298088362,1513.027028468282
Togo,cc85bi50,277.6867204319747,1351.1543156921134
Thailand,cc85bi50,286.9171668750832,1470.555041766178
Timor-Leste,cc85bi50,262.0235184608424,1784.8867477762442
Trinidad and Tobago,cc85bi50,274.5036713525132,1348.2359706780937
Tanzania,cc85bi50,231.67864850297013,1186.5858701172156
Uganda,cc85bi50,235.77155999704055,1582.9255699503728
United States,cc85bi50,163.52704066354593,1566.1291931094147
Venezuela,cc85bi50,275.620608194028,839.6285250361401
Vietnam,cc85bi50,240.79824028309704,1863.922319651346
Yemen,cc85bi50,216.62084105752783,265.9804414829875
Zambia,cc85bi50,235.00662425360082,1115.1224001812116
Zimbabwe,cc85bi50,219.59093933505156,897.1876371610801
Angola,ac85bi50,245.44946426537604,705.2328333287238
Burundi,ac85bi50,228.78388315060346,1221.790689028647
Benin,ac85bi50,297.4940372621027,1141.2120649571661
Belize,ac85bi50,280.6578676451676,3161.170585914648
Bolivia,ac85bi50,166.16997859620898,960.3450898675119
Brazil,ac85bi50,237.73595436767317,1400.3372924397881
Central African Republic,ac85bi50,281.9485531342865,1618.1181623333143
China,ac85bi50,212.9029077635302,1539.6908925887737
Côte d'Ivoire,ac85bi50,281.04686111525103,1557.925255607599
Cameroon,ac85bi50,258.61123122219,2167.120752605008
Democratic Republic of the Congo,ac85bi50,239.07914369963552,1576.9918069997066
Republic of Congo,ac85bi50,265.92052795653973,1799.6025436765017
Colombia,ac85bi50,228.57165763382693,2556.906328493495
Costa Rica,ac85bi50,256.24859347040695,3096.6882907230124
Cuba,ac85bi50,268.4030791549799,1448.5590938547289
Dominican Republic,ac85bi50,257.74028473102084,1197.8736265320947
Ecuador,ac85bi50,241.35998434990506,1240.1099371335417
Ethiopia,ac85bi50,233.27830688864526,1205.4203078684147
Gabon,ac85bi50,274.05735582914855,2086.1928242455656
Ghana,ac85bi50,290.04771908046314,1334.8192249905744
Guinea,ac85bi50,270.71951982616326,1956.4264396739893
Equatorial Guinea,ac85bi50,254.8550713495164,2470.1869681224794
Guatemala,ac85bi50,240.99726841671747,2041.9458283960507
Guyana,ac85bi50,293.7311272048726,1390.0649107329848
Honduras,ac85bi50,259.1010891548294,1438.842780174467
Haiti,ac85bi50,263.48695474329884,1520.9471303481562
Indonesia,ac85bi50,254.93473671311745,2820.602221771166
India,ac85bi50,275.1137624025573,762.1748749037745
Jamaica,ac85bi50,255.84408985762315,2503.214112518037
Kenya,ac85bi50,251.96204400798058,910.9750840734549
Cambodia,ac85bi50,300.0174620267499,1588.6523745598518
Lao PDR,ac85bi50,233.59059472080773,1537.7716532311633
Liberia,ac85bi50,282.3498879276524,2879.968118124469
Sri Lanka,ac85bi50,289.2350240698394,1636.9720635443703
Madagascar,ac85bi50,237.86039660873462,1580.466473536122
Mexico,ac85bi50,247.65351360122798,1678.2731373270328
Myanmar,ac85bi50,229.31224723541933,1746.5910841501636
Mozambique,ac85bi50,252.96906169440678,1148.800384938526
Malawi,ac85bi50,267.38851751665027,1300.0930004506156
Malaysia,ac85bi50,285.92791374946296,2664.9957292232166
Nigeria,ac85bi50,287.6583538222304,1522.0434229067455
Nicaragua,ac85bi50,277.2340882584541,1545.450533017807
Nepal,ac85bi50,236.53457180368721,1652.8928895895283
Panama,ac85bi50,257.72639278175535,3089.9378976831213
Peru,ac85bi50,192.64246340110495,993.9246636251421
Philippines,ac85bi50,276.01277529968934,2736.5338672346284
Papua New Guinea,ac85bi50,251.68924178529292,3083.4704575365135
Puerto Rico,ac85bi50,252.50975600219576,1965.6435187717655
Paraguay,ac85bi50,239.13430345801356,1880.2737938643227
Rwanda,ac85bi50,215.37646902788114,1300.7383523324345
Sierra Leone,ac85bi50,287.7215333373197,3019.1100068491323
El Salvador,ac85bi50,265.4524479621215,1804.3366776390683
Suriname,ac85bi50,302.9167103106751,1271.5762838040546
Togo,ac85bi50,283.6761314933019,1341.1837050902789
Thailand,ac85bi50,294.44088838080904,1319.3524824079732
Timor-Leste,ac85bi50,265.4635107994968,1395.426789523752
Trinidad and Tobago,ac85bi50,281.2742747600193,1815.6937499758092
Tanzania,ac85bi50,238.88622537853428,1053.456514371025
Uganda,ac85bi50,247.65280396709497,1282.587911786644
United States,ac85bi50,165.44234421161823,1264.4439098134117
Venezuela,ac85bi50,283.22377616750225,977.2976313414085
Vietnam,ac85bi50,247.2703799202378,1873.2093723214268
Yemen,ac85bi50,223.29410638169,293.53637763387326
Zambia,ac85bi50,242.16456524587647,994.1025765575283
Zimbabwe,ac85bi50,226.08496965807686,853.099748108766
Angola,mi85bi50,237.47888051630758,732.6856597002566
Burundi,mi85bi50,229.7281302422267,1216.389035637811
Benin,mi85bi50,302.508461894459,1327.1201238555032
Belize,mi85bi50,279.5049418975547,3604.9017171975547
Bolivia,mi85bi50,166.1098980317456,858.5323235357633
Brazil,mi85bi50,231.07336905919237,1172.2311193883647
Central African Republic,mi85bi50,276.2175449132896,1461.365408071649
China,mi85bi50,214.20146026054223,1664.706850308548
Côte d'Ivoire,mi85bi50,267.75197841283835,1407.1078144467656
Cameroon,mi85bi50,252.24110164635738,2022.5333664169855
Democratic Republic of the Congo,mi85bi50,234.03985635752298,1469.3807451872526
Republic of Congo,mi85bi50,251.83176346348932,1712.7886565900035
Colombia,mi85bi50,225.99781192284587,2798.0559848691455
Costa Rica,mi85bi50,257.2467360045379,3068.6211276409113
Cuba,mi85bi50,267.4237531930928,1325.8615769335297
Dominican Republic,mi85bi50,253.5874779663425,1330.4189600231912
Ecuador,mi85bi50,239.85256555734352,1069.9663923526357
Ethiopia,mi85bi50,223.27077126195906,1232.4150969374978
Gabon,mi85bi50,259.9115243115647,1955.6268925424902
Ghana,mi85bi50,285.4709259247221,1480.9311056956394
Guinea,mi85bi50,260.99604495683786,2125.8017218840178
Equatorial Guinea,mi85bi50,254.18457568012036,2317.72151200763
Guatemala,mi85bi50,238.8905154459468,2368.199947980799
Guyana,mi85bi50,293.51669770468834,1671.391133589386
Honduras,mi85bi50,258.2690436577683,1746.3598637203593
Haiti,mi85bi50,260.2525016617351,1585.9283830116026
Indonesia,mi85bi50,250.93761081877585,2877.085855923933
India,mi85bi50,272.8182500060847,870.4870035005563
Jamaica,mi85bi50,256.09956035219676,2547.938323542605
Kenya,mi85bi50,246.2327403085588,1117.0677608883805
Cambodia,mi85bi50,299.73623854656046,1453.6285417577753
Lao PDR,mi85bi50,233.3603614444108,1644.1211182948587
Liberia,mi85bi50,275.3843942852965,2625.538132102164
Sri Lanka,mi85bi50,282.72171988024246,2099.4048035758774
Madagascar,mi85bi50,233.479522121937,1703.6624578871076
Mexico,mi85bi50,247.5621804846707,1701.8664067979062
Myanmar,mi85bi50,230.15287246831954,1934.9158262174933
Mozambique,mi85bi50,256.9016696079926,947.0337136388
Malawi,mi85bi50,269.0609856044583,1302.8556235673134
Malaysia,mi85bi50,282.4373518670333,2769.1540356954506
Nigeria,mi85bi50,285.40186084507354,1565.37854300964
Nicaragua,mi85bi50,274.4559372343852,1932.1359517204073
Nepal,mi85bi50,247.3007910030113,1718.6841550521117
Panama,mi85bi50,254.39688227963956,3165.3209556017773
Peru,mi85bi50,192.19584816585618,922.8840660734091
Philippines,mi85bi50,276.37606374320967,2375.2955012048
Papua New Guinea,mi85bi50,250.62769770858276,2446.6332898042297
Puerto Rico,mi85bi50,252.86428882734924,2186.387688294939
Paraguay,mi85bi50,243.73339210198372,1559.5636198578866
Rwanda,mi85bi50,212.6333723113674,1264.5382530864445
Sierra Leone,mi85bi50,282.7434883807711,2973.3288122168724
El Salvador,mi85bi50,264.3623729237434,2169.9534958487593
Suriname,mi85bi50,299.40151333594736,1533.0355089917264
Togo,mi85bi50,283.57600355601056,1512.9994643835328
Thailand,mi85bi50,295.5462081660764,1529.8144711964435
Timor-Leste,mi85bi50,264.4563565343565,1650.5321202221776
Trinidad and Tobago,mi85bi50,285.0965765617812,1834.819651705779
Tanzania,mi85bi50,234.38959894937386,1108.435772551087
Uganda,mi85bi50,238.38988305091075,1290.1924259740952
United States,mi85bi50,167.32079803244682,1232.9179710781902
Venezuela,mi85bi50,283.93396935039596,1150.2113125544715
Vietnam,mi85bi50,248.11045355764566,1854.317079956302
Yemen,mi85bi50,226.05902350353665,402.5369817108263
Zambia,mi85bi50,241.05693870922008,958.6162871593452
Zimbabwe,mi85bi50,231.72089701043305,648.8716071201658
Angola,bc85bi50,238.55799117683574,691.2684183171903
Burundi,bc85bi50,223.31204802821117,1205.9894216397297
Benin,bc85bi50,292.01477469033756,981.5420974539788
Belize,bc85bi50,270.42453468020096,3220.4044089263707
Bolivia,bc85bi50,161.65257944530867,990.1913643387246
Brazil,bc85bi50,232.2824448051895,1400.8183943687807
Central African Republic,bc85bi50,276.56792274437015,1641.6226743976586
China,bc85bi50,208.38917856839652,1576.1557483199738
Côte d'Ivoire,bc85bi50,275.3674557143741,1519.3121407054866
Cameroon,bc85bi50,251.87091902084555,1955.3743934018914
Democratic Republic of the Congo,bc85bi50,234.23235647743837,1589.9397456901995
Republic of Congo,bc85bi50,261.72491183871904,1792.5529197898607
Colombia,bc85bi50,225.19851982326418,2719.140823760732
Costa Rica,bc85bi50,246.20149083819902,2813.643629816766
Cuba,bc85bi50,260.96124219952804,1213.1516427418833
Dominican Republic,bc85bi50,246.82583449881506,1088.1675673499242
Ecuador,bc85bi50,234.96232201286426,1115.546869084516
Ethiopia,bc85bi50,223.1517611825942,1354.6215668650693
Gabon,bc85bi50,269.3198565210309,1919.694491473281
Ghana,bc85bi50,284.26932679955587,1251.0165366705264
Guinea,bc85bi50,265.9114838974115,1954.5008208843701
Equatorial Guinea,bc85bi50,249.7860444891549,2246.8679808834536
Guatemala,bc85bi50,231.76913134317243,1733.504614719032
Guyana,bc85bi50,282.6591274408779,2014.607413274085
Honduras,bc85bi50,246.44528940241008,1515.0816214283916
Haiti,bc85bi50,253.2759876993069,1362.630761606005
Indonesia,bc85bi50,249.8036964061052,2667.15110150908
India,bc85bi50,269.31076022056493,993.3586782448835
Jamaica,bc85bi50,248.55531345586908,2259.1896588996988
Kenya,bc85bi50,244.58186312707244,1006.2175888509037
Cambodia,bc85bi50,293.68571031389433,1471.7200753697375
Lao PDR,bc85bi50,227.97587536398925,1529.8324465712178
Liberia,bc85bi50,275.49119356076193,2870.891454472601
Sri Lanka,bc85bi50,284.41050654392063,2263.9315366466676
Madagascar,bc85bi50,230.8096098720571,2007.0867587959413
Mexico,bc85bi50,240.61438465138556,1465.2571605057396
Myanmar,bc85bi50,225.68755244198064,1772.7347050382093
Mozambique,bc85bi50,247.30738562337547,1214.0401930217558
Malawi,bc85bi50,261.54977008121534,1537.530087966396
Malaysia,bc85bi50,281.28022697576154,2680.9921600385305
Nigeria,bc85bi50,281.5786903112235,1359.0449550364158
Nicaragua,bc85bi50,263.77492382269827,1526.6602396496949
Nepal,bc85bi50,236.88242658142715,2341.50815555451
Panama,bc85bi50,248.16540791157072,2852.638249886189
Peru,bc85bi50,186.129990178631,973.9707420746712
Philippines,bc85bi50,271.99535233947455,2584.588040189541
Papua New Guinea,bc85bi50,246.0780589183126,3041.5341271685147
Puerto Rico,bc85bi50,244.9153408195579,1645.0604613901223
Paraguay,bc85bi50,236.81337591327764,1760.5150573609023
Rwanda,bc85bi50,209.6198475007156,1286.826083248787
Sierra Leone,bc85bi50,280.88951870851076,3102.2219781633335
El Salvador,bc85bi50,255.1155068577799,1553.9545708988865
Suriname,bc85bi50,290.6767270198948,1988.0578455705931
Togo,bc85bi50,278.3046568726647,1176.2709578668034
Thailand,bc85bi50,287.51127462407715,1424.2338768291236
Timor-Leste,bc85bi50,260.526219967569,1815.2950512608095
Trinidad and Tobago,bc85bi50,274.5515420915772,1795.6300356079826
Tanzania,bc85bi50,233.12035089810664,1189.9028539280114
Uganda,bc85bi50,240.97510581482507,1353.3985306897569
United States,bc85bi50,163.1265510323076,1452.3984260222073
Venezuela,bc85bi50,273.07788577492533,1048.7707565902485
Vietnam,bc85bi50,242.21424451431307,1750.3628951439518
Yemen,bc85bi50,216.71180729564003,299.90632467080314
Zambia,bc85bi50,236.10606520355108,1057.9630189355848
Zimbabwe,bc85bi50,220.0393237041922,928.3350971988214
Angola,mg85bi50,236.861559460361,771.1994658731974
Burundi,mg85bi50,219.0942790067312,1185.9445005681173
Benin,mg85bi50,292.1217591688343,1216.4633022539585
Belize,mg85bi50,271.43521683278055,3309.045679184154
Bolivia,mg85bi50,158.48514855967252,1005.3047045252723
Brazil,mg85bi50,230.79205036841384,1254.6202998187252
Central African Republic,mg85bi50,273.01109882727275,1778.7309956191036
China,mg85bi50,203.96761848275273,1469.3961010141177
Côte d'Ivoire,mg85bi50,280.8994082873393,1551.8861631854259
Cameroon,mg85bi50,256.89807386581185,2034.8741033287165
Democratic Republic of the Congo,mg85bi50,231.49646423513775,1590.8884354777285
Republic of Congo,mg85bi50,256.9564992429817,1923.6549699079155
Colombia,mg85bi50,223.3849244211495,2271.1620795855606
Costa Rica,mg85bi50,249.296922174174,2480.2777822584535
Cuba,mg85bi50,262.0300588942085,1355.7224070375612
Dominican Republic,mg85bi50,254.46986168773216,895.3222974528455
Ecuador,mg85bi50,234.72127076965566,1253.2552356580552
Ethiopia,mg85bi50,222.71196639100475,1386.7823684518414
Gabon,mg85bi50,266.41082978984684,2329.0002347892187
Ghana,mg85bi50,285.16259179706196,1536.928675271233
Guinea,mg85bi50,264.9017893510537,2132.433223725526
Equatorial Guinea,mg85bi50,249.1927803735443,2956.800611313467
Guatemala,mg85bi50,231.39250929140763,2012.5680232138882
Guyana,mg85bi50,279.24094361084195,1938.721421488305
Honduras,mg85bi50,250.85311474764526,1336.3676118723229
Haiti,mg85bi50,260.3041764012497,1241.5400148180763
Indonesia,mg85bi50,248.4328109861189,2679.8757280540603
India,mg85bi50,264.394919319998,971.3132896613811
Jamaica,mg85bi50,248.50058605846792,1859.316094158175
Kenya,mg85bi50,244.7878859276585,1000.2009352552002
Cambodia,mg85bi50,293.60927121108847,1577.193550544649
Lao PDR,mg85bi50,220.2901965134076,1622.5473847553862
Liberia,mg85bi50,276.7966818333064,2991.207246129085
Sri Lanka,mg85bi50,284.8720494404917,1946.2376195614372
Madagascar,mg85bi50,230.60512255957724,1688.6385542432047
Mexico,mg85bi50,240.83551409179506,1666.9823391256364
Myanmar,mg85bi50,224.11441609224042,1655.5604427244116
Mozambique,mg85bi50,244.6183456210734,1195.870603166039
Malawi,mg85bi50,257.45387624581116,1581.4427737266824
Malaysia,mg85bi50,280.32155928410907,2501.5928647279034
Nigeria,mg85bi50,283.3915500853694,1524.3623432517436
Nicaragua,mg85bi50,269.7793436463576,1249.1423182587134
Nepal,mg85bi50,232.3426856869048,2015.2447938267787
Panama,mg85bi50,251.0424264762142,2377.677510255545
Peru,mg85bi50,185.31223652002458,939.8504804809645
Philippines,mg85bi50,270.4852478023125,2344.0878194302168
Papua New Guinea,mg85bi50,243.65477612233235,3826.395883710784
Puerto Rico,mg85bi50,246.09233379778354,1254.3124733568734
Paraguay,mg85bi50,236.45488596033374,1657.8163189252205
Rwanda,mg85bi50,206.60621151996367,1284.8394195929493
Sierra Leone,mg85bi50,285.60007788626496,2906.1747295799782
El Salvador,mg85bi50,255.20606200690824,1860.454625689352
Suriname,mg85bi50,287.6339594431398,1850.2176094268139
Togo,mg85bi50,277.9980927523382,1476.4452001301804
Thailand,mg85bi50,283.9677331073634,1663.9772403005002
Timor-Leste,mg85bi50,260.53188804852954,1672.3530498915643
Trinidad and Tobago,mg85bi50,272.31686949887546,1707.374706699249
Tanzania,mg85bi50,228.17480512963138,1230.6188492139938
Uganda,mg85bi50,241.8313830907304,1383.649076977068
United States,mg85bi50,160.60243403380116,1157.4512673004501
Venezuela,mg85bi50,272.5539196565766,1059.731934650039
Vietnam,mg85bi50,236.1124561073977,1909.9150383569672
Yemen,mg85bi50,217.0138758129396,312.0677718159708
Zambia,mg85bi50,231.97320552912265,1097.7838989926831
Zimbabwe,mg85bi50,217.84002595948178,817.5298136868726
Angola,mc85bi50,234.98395590084277,891.8603069826793
Burundi,mc85bi50,218.8022049448755,1236.5450626891563
Benin,mc85bi50,289.09015715834875,1202.4138369807176
Belize,mc85bi50,277.2767383412241,3023.414823759951
Bolivia,mc85bi50,161.2323429806442,959.4465728252376
Brazil,mc85bi50,229.21674556585896,1322.004338552402
Central African Republic,mc85bi50,275.95827685390213,1679.0177670923172
China,mc85bi50,204.82453500047163,1665.345641786429
Côte d'Ivoire,mc85bi50,275.2122515989859,1621.9540947007354
Cameroon,mc85bi50,251.35203874033763,2040.36214883413
Democratic Republic of the Congo,mc85bi50,230.83715852958085,1608.2080536472504
Republic of Congo,mc85bi50,256.66551140088137,2104.392792459822
Colombia,mc85bi50,221.4623268353916,2580.256245464443
Costa Rica,mc85bi50,247.49279147000257,3700.4414791819067
Cuba,mc85bi50,262.2725272391333,1202.1558955477567
Dominican Republic,mc85bi50,252.15970226549953,1265.438000183491
Ecuador,mc85bi50,234.16119592205743,1202.9197235994409
Ethiopia,mc85bi50,224.2921711165132,1231.570136741583
Gabon,mc85bi50,266.6870259239858,2312.7768615468494
Ghana,mc85bi50,282.58747931904225,1419.0062204363842
Guinea,mc85bi50,263.80126403232975,2003.7142440635346
Equatorial Guinea,mc85bi50,249.87242442453274,2550.7528491768308
Guatemala,mc85bi50,235.11676209501064,2130.1061189804964
Guyana,mc85bi50,287.684830448404,1636.5824604822603
Honduras,mc85bi50,251.86009033758182,1528.354157441327
Haiti,mc85bi50,258.8837711265601,1615.4002228577788
Indonesia,mc85bi50,247.44312287233186,3029.931032881614
India,mc85bi50,264.97809211490613,856.5367409859821
Jamaica,mc85bi50,252.5542924325942,2233.69675729291
Kenya,mc85bi50,245.08230071939423,794.5023693327233
Cambodia,mc85bi50,288.10832159040143,1825.2546863448385
Lao PDR,mc85bi50,223.87551268494704,1783.922756209174
Liberia,mc85bi50,276.3964990144054,2936.873395546558
Sri Lanka,mc85bi50,282.93001223878696,2000.1581228714972
Madagascar,mc85bi50,233.67721703421526,1485.405147377468
Mexico,mc85bi50,244.33319208067488,1667.5973773765384
Myanmar,mc85bi50,223.04155336945735,1859.0024355166258
Mozambique,mc85bi50,248.6475675476794,1046.0648570243932
Malawi,mc85bi50,263.1922871198672,1300.5063283562627
Malaysia,mc85bi50,279.31301890756214,2873.7012500934143
Nigeria,mc85bi50,280.3968565406672,1493.5206841171255
Nicaragua,mc85bi50,266.7806269109045,1879.8065021721936
Nepal,mc85bi50,234.03157335270095,1727.9723595227176
Panama,mc85bi50,249.87964508087612,3632.7994143444394
Peru,mc85bi50,186.0161873864073,939.0574692514773
Philippines,mc85bi50,273.3039019327452,2501.5412400721043
Papua New Guinea,mc85bi50,244.46319168240765,3080.200534906915
Puerto Rico,mc85bi50,250.1206182611202,2070.77505044031
Paraguay,mc85bi50,231.31114491508876,1749.055224988368
Rwanda,mc85bi50,205.9664129381568,1317.8461390584607
Sierra Leone,mc85bi50,281.07168320009026,3004.125501944707
El Salvador,mc85bi50,257.99367441545604,1881.0592467411127
Suriname,mc85bi50,294.19004503204906,1628.2386592035807
Togo,mc85bi50,275.61972120365334,1411.6213515538893
Thailand,mc85bi50,281.6202759779095,1704.7715075018023
Timor-Leste,mc85bi50,260.26861545100616,1643.2288457170791
Trinidad and Tobago,mc85bi50,278.6521575456743,1527.9836656355687
Tanzania,mc85bi50,233.33717120520762,1022.9359435310134
Uganda,mc85bi50,238.7348273551623,1267.609610983348
United States,mc85bi50,161.6864332646937,1366.0866837064693
Venezuela,mc85bi50,278.8438213221149,1041.0070956896488
Vietnam,mc85bi50,239.09341461484638,2037.4887336597237
Yemen,mc85bi50,214.7235682889016,309.09607964124564
Zambia,mc85bi50,237.96622606461776,975.5471702266193
Zimbabwe,mc85bi50,221.55824722123518,769.5094317743478
Angola,gf85bi50,244.97541103817537,731.1364269685554
Burundi,gf85bi50,230.4725696934636,1247.4649192685858
Benin,gf85bi50,299.51635205988833,1166.5843796864522
Belize,gf85bi50,277.446090486637,3554.701449756506
Bolivia,gf85bi50,173.7242921613849,804.8896515909454
Brazil,gf85bi50,242.46546864986445,1013.2487513855633
Central African Republic,gf85bi50,286.45463419349153,1578.1538566060785
China,gf85bi50,214.73439690449726,1404.516044269442
Côte d'Ivoire,gf85bi50,283.37956061434284,1533.466544786368
Cameroon,gf85bi50,261.399964703468,2071.1185176817457
Democratic Republic of the Congo,gf85bi50,241.56531385084443,1602.7220929581015
Republic of Congo,gf85bi50,268.46036235767673,1881.2341633298702
Colombia,gf85bi50,234.52143318926517,2482.377925431964
Costa Rica,gf85bi50,258.47441865627036,3172.168078863388
Cuba,gf85bi50,273.2777694220443,1162.2527080385103
Dominican Republic,gf85bi50,257.53797053530445,1204.1847670953307
Ecuador,gf85bi50,246.2766241974203,969.0771680058924
Ethiopia,gf85bi50,232.96583103921313,1282.767824644697
Gabon,gf85bi50,276.57510572279546,2167.815412204223
Ghana,gf85bi50,290.82858064405906,1425.2407573972391
Guinea,gf85bi50,273.4257834343617,2022.8948994657385
Equatorial Guinea,gf85bi50,256.8955333542146,2634.8887060046054
Guatemala,gf85bi50,239.95271079309285,2212.531191105525
Guyana,gf85bi50,291.2846153648553,1833.456707424186
Honduras,gf85bi50,256.018107878985,1668.4605727788385
Haiti,gf85bi50,264.6973353545974,1434.7351935489714
Indonesia,gf85bi50,258.03789184101686,2914.8126141347916
India,gf85bi50,274.21444654643756,869.6595586117326
Jamaica,gf85bi50,260.47511707098124,2053.5531233762194
Kenya,gf85bi50,251.75571546869264,892.6261268575261
Cambodia,gf85bi50,302.45693984239097,1552.5658833051264
Lao PDR,gf85bi50,234.0086988733161,1529.80350942204
Liberia,gf85bi50,284.1114737760638,2901.1979989469523
Sri Lanka,gf85bi50,291.41581237633295,2095.351807930695
Madagascar,gf85bi50,238.16577088627318,1646.9774156042042
Mexico,gf85bi50,249.18086458628613,1744.347520131549
Myanmar,gf85bi50,232.68829727766507,1607.3201534763596
Mozambique,gf85bi50,251.7976331229537,1057.937189498273
Malawi,gf85bi50,265.8467819230061,1408.2905132609806
Malaysia,gf85bi50,289.9862036005106,2710.921591273404
Nigeria,gf85bi50,290.0722718718831,1492.0305439078381
Nicaragua,gf85bi50,275.4215388554189,1723.9325201277527
Nepal,gf85bi50,249.94393269724048,1593.2593114014448
Panama,gf85bi50,261.4193222015585,3200.416685171379
Peru,gf85bi50,199.4804610580357,759.1086403553928
Philippines,gf85bi50,282.8761389622098,2819.390498207461
Papua New Guinea,gf85bi50,254.0086830889596,3277.3089711765733
Puerto Rico,gf85bi50,254.56652310081404,1910.446122920467
Paraguay,gf85bi50,250.67155994185043,1253.949517524056
Rwanda,gf85bi50,217.3705266863498,1317.1489456117076
Sierra Leone,gf85bi50,289.52441508030176,3204.8762355888166
El Salvador,gf85bi50,265.4286180277329,1882.6715699710746
Suriname,gf85bi50,299.3155638406522,1797.8214404411578
Togo,gf85bi50,285.13713914238633,1384.079802160458
Thailand,gf85bi50,294.5448478551184,1420.2799945520787
Timor-Leste,gf85bi50,268.79152176685545,1891.255028731281
Trinidad and Tobago,gf85bi50,282.57486226095654,1695.4990776285438
Tanzania,gf85bi50,237.6724025080427,1102.0947564789103
Uganda,gf85bi50,248.8226740643656,1466.485552863511
United States,gf85bi50,171.09605654884294,1625.2290333910837
Venezuela,gf85bi50,282.9737202035529,1053.5493733408882
Vietnam,gf85bi50,248.624308705813,1799.4385596408924
Yemen,gf85bi50,222.8132913495501,345.71476662536753
Zambia,gf85bi50,240.62779633136807,1057.7651104245112
Zimbabwe,gf85bi50,224.64498577134603,749.7013377774908
Angola,hd85bi50,240.31286023417516,775.4627043597831
Burundi,hd85bi50,227.09661099389535,1148.058687051468
Benin,hd85bi50,294.74230254964925,1080.8294917641024
Belize,hd85bi50,272.34072994673903,3001.1914796760143
Bolivia,hd85bi50,161.19103722965707,1040.9561546095736
Brazil,hd85bi50,235.48594252837844,1275.7022081114008
Central African Republic,hd85bi50,278.5209236924197,1598.0530466505443
China,hd85bi50,205.11876114837207,1656.2529902648146
Côte d'Ivoire,hd85bi50,277.2063688014206,1472.1235787954397
Cameroon,hd85bi50,253.77928875009792,2097.2635444850466
Democratic Republic of the Congo,hd85bi50,237.4013910900322,1523.9631543344756
Republic of Congo,hd85bi50,263.650276331656,1762.853882083619
Colombia,hd85bi50,225.05293297246794,2569.459963037467
Costa Rica,hd85bi50,252.5557003622757,3311.7724421826047
Cuba,hd85bi50,264.76321384148775,1272.6651441111421
Dominican Republic,hd85bi50,254.66894579809184,1176.743497548725
Ecuador,hd85bi50,238.00961295078778,1391.2638814494694
Ethiopia,hd85bi50,228.78915370600637,1236.2955012765535
Gabon,hd85bi50,270.50175162316805,2040.8996255837608
Ghana,hd85bi50,287.2994655012985,1256.8383817535253
Guinea,hd85bi50,267.270471820762,1880.5934246737822
Equatorial Guinea,hd85bi50,250.52778660556737,2458.906797674101
Guatemala,hd85bi50,234.64360738184683,1911.8844709133243
Guyana,hd85bi50,288.27463939938457,1240.7605716562612
Honduras,hd85bi50,252.92352689780486,1467.5603455719709
Haiti,hd85bi50,260.8947924791978,1477.9582669227198
Indonesia,hd85bi50,250.35263194028303,2482.041871496372
India,hd85bi50,271.75965297228464,873.2590362717656
Jamaica,hd85bi50,251.71055175457738,2300.8741789435717
Kenya,hd85bi50,248.58090203256293,816.1805894166993
Cambodia,hd85bi50,297.2048144305968,1489.288457576629
Lao PDR,hd85bi50,229.3843878964107,1490.7649020257122
Liberia,hd85bi50,277.2925498253192,2719.3258283262685
Sri Lanka,hd85bi50,285.3504105366889,2129.8350837109783
Madagascar,hd85bi50,232.34208552765924,1615.6630626229176
Mexico,hd85bi50,242.9220936466851,1609.3089333844357
Myanmar,hd85bi50,221.92429178481802,1868.0944949036452
Mozambique,hd85bi50,248.20490659051654,1103.6707223896763
Malawi,hd85bi50,261.04593393117835,1356.8240737385402
Malaysia,hd85bi50,281.3614917112084,2608.1781971879423
Nigeria,hd85bi50,284.24289778150455,1462.4720197321853
Nicaragua,hd85bi50,270.19346395010507,1558.5406959282557
Nepal,hd85bi50,231.02805180444582,1866.2068582333156
Panama,hd85bi50,253.14383456515392,3204.5084137910694
Peru,hd85bi50,188.30561864369852,972.5977568065179
Philippines,hd85bi50,271.98182559894065,2258.899574518466
Papua New Guinea,hd85bi50,247.63410662216808,2985.4961340652844
Puerto Rico,hd85bi50,248.69403703114043,1965.0035105670374
Paraguay,hd85bi50,239.78875812568143,1596.2436104280162
Rwanda,hd85bi50,214.58183261624438,1230.297192011674
Sierra Leone,hd85bi50,282.14387999737596,2793.5267985242613
El Salvador,hd85bi50,259.8227286685663,1751.4371944524883
Suriname,hd85bi50,295.6867958853211,1226.522328074487
Togo,hd85bi50,281.1080849902614,1275.5131850151386
Thailand,hd85bi50,290.49552559839435,1357.9662443863842
Timor-Leste,hd85bi50,261.3556773659625,1441.8445701438718
Trinidad and Tobago,hd85bi50,276.8613981281265,1526.1962206680848
Tanzania,hd85bi50,232.63502734068973,1051.3969873276983
Uganda,hd85bi50,245.12092541297352,1245.0438758657249
United States,hd85bi50,170.25832171722345,1531.2894736975795
Venezuela,hd85bi50,280.4226788788696,808.0781318081342
Vietnam,hd85bi50,244.20178979518136,1751.9343169390977
Yemen,hd85bi50,221.76889048924053,336.6381060387104
Zambia,hd85bi50,236.13945330269547,1011.1499451269891
Zimbabwe,hd85bi50,221.73256462622606,790.9738009192687
Angola,ip85bi50,244.86622385276183,838.6742004957754
Burundi,ip85bi50,229.30155050426137,1601.1754623554086
Benin,ip85bi50,303.1681465489359,979.0885993974466
Belize,ip85bi50,280.0199629918634,2777.551803023329
Bolivia,ip85bi50,170.6249808651054,966.7523746876977
Brazil,ip85bi50,239.8323442934981,1251.3414778075798
Central African Republic,ip85bi50,282.5781361621551,1523.391325002631
China,ip85bi50,213.8842456473382,1508.4220142766
Côte d'Ivoire,ip85bi50,285.6262214126495,1531.3180649314386
Cameroon,ip85bi50,261.29581447121967,1976.1111645943115
Democratic Republic of the Congo,ip85bi50,239.20191807359106,1846.7093195224654
Republic of Congo,ip85bi50,266.77888458470727,1939.9677727311869
Colombia,ip85bi50,232.34851761592205,2419.089252580508
Costa Rica,ip85bi50,254.84194878040148,2799.2376892001066
Cuba,ip85bi50,271.8677727911847,1154.9532586961811
Dominican Republic,ip85bi50,259.14973999824923,1218.802140318028
Ecuador,ip85bi50,243.99335671294412,1114.3543574584492
Ethiopia,ip85bi50,236.48164044178608,2013.665765164778
Gabon,ip85bi50,275.53175233342023,2237.8865453386234
Ghana,ip85bi50,294.8796863337441,1187.0974281601873
Guinea,ip85bi50,275.8526328105402,1914.7869097338678
Equatorial Guinea,ip85bi50,257.66571627084727,2607.6224680187393
Guatemala,ip85bi50,240.08434189888862,1905.5865815820907
Guyana,ip85bi50,289.79728487467787,1829.4746383757065
Honduras,ip85bi50,256.7225234896223,1345.276888031883
Haiti,ip85bi50,267.2216164372879,1470.2051292729006
Indonesia,ip85bi50,257.79608802907427,3052.219863847209
India,ip85bi50,274.91181003511247,1041.88460566561
Jamaica,ip85bi50,258.0555867861804,2149.638972534279
Kenya,ip85bi50,255.34224261952417,1587.229583259987
Cambodia,ip85bi50,301.3843168879957,1589.9309282873726
Lao PDR,ip85bi50,232.27515697263757,1589.2002043493635
Liberia,ip85bi50,285.5542801428985,2807.2525317528225
Sri Lanka,ip85bi50,290.85703506646695,2234.395749821171
Madagascar,ip85bi50,240.61346928520987,1639.6263175034371
Mexico,ip85bi50,249.9189755726956,1338.9196995039676
Myanmar,ip85bi50,232.27855177146495,1683.1376206511488
Mozambique,ip85bi50,252.84775634579438,1210.9397039553826
Malawi,ip85bi50,267.0247346380013,1752.3313297496393
Malaysia,ip85bi50,288.1468158011187,2922.8739421649607
Nigeria,ip85bi50,291.7250420526271,1340.270729930105
Nicaragua,ip85bi50,273.6883238569789,1460.9606152476438
Nepal,ip85bi50,250.52166577375164,2197.899289657606
Panama,ip85bi50,257.97083364228166,2724.233318512778
Peru,ip85bi50,196.2834993509198,970.411538603773
Philippines,ip85bi50,280.6727485412293,2944.771740853712
Papua New Guinea,ip85bi50,256.48942382686914,3181.1942096599137
Puerto Rico,ip85bi50,254.69946546507424,1826.6077395845089
Paraguay,ip85bi50,246.40369545696103,1452.1285366289549
Rwanda,ip85bi50,216.02209654551442,1735.8420364978863
Sierra Leone,ip85bi50,290.9312269071267,2943.440341178065
El Salvador,ip85bi50,264.4676058006763,1685.7795494958584
Suriname,ip85bi50,297.3098875043137,1740.0254559574732
Togo,ip85bi50,289.2884415402888,1158.713443176765
Thailand,ip85bi50,292.91594102040756,1430.2593241309112
Timor-Leste,ip85bi50,269.68353903809873,2242.3327596250915
Trinidad and Tobago,ip85bi50,283.3178841228875,1411.0430458718838
Tanzania,ip85bi50,238.9507253672185,1437.0645199407259
Uganda,ip85bi50,246.14624104738257,2462.019938987072
United States,ip85bi50,174.24810184416958,2036.1293219096906
Venezuela,ip85bi50,283.82779476855364,846.7591960758552
Vietnam,ip85bi50,247.15511748447656,1891.29617654414
Yemen,ip85bi50,228.7457532672458,317.8150252356774
Zambia,ip85bi50,240.35196816250817,1272.4915785897228
Zimbabwe,ip85bi50,225.7365192872503,831.733195079947
Angola,he85bi50,246.9919330787343,755.3910590323488
Burundi,he85bi50,232.00297965270565,1158.1187951747224
Benin,he85bi50,300.34858063575814,1121.387880907404
Belize,he85bi50,279.2481141996626,2960.4655120244015
Bolivia,he85bi50,167.11169159590816,950.0504518128541
Brazil,he85bi50,238.51599151256957,1321.1765525519777
Central African Republic,he85bi50,286.4291911099079,1577.6424602032926
China,he85bi50,214.04275840455074,1583.6137850370178
Côte d'Ivoire,he85bi50,283.77096104246885,1554.209131619814
Cameroon,he85bi50,258.29613118970633,2135.667708844123
Democratic Republic of the Congo,he85bi50,242.57900974103518,1532.0348590399346
Republic of Congo,he85bi50,268.8053687338215,1830.0811238325289
Colombia,he85bi50,230.3940754459694,2581.207124978875
Costa Rica,he85bi50,256.0924381879816,3227.6875794321404
Cuba,he85bi50,269.2734168555489,1196.694430771575
Dominican Republic,he85bi50,259.09216826680876,1157.6817771514895
Ecuador,he85bi50,242.83942202311098,1303.9417828839298
Ethiopia,he85bi50,236.14277738106708,1205.2329158619432
Gabon,he85bi50,276.0657311839934,2104.738373894453
Ghana,he85bi50,292.7825599308649,1304.829192903897
Guinea,he85bi50,274.8523290574922,1967.9586851205045
Equatorial Guinea,he85bi50,255.68081120737327,2562.3764523379787
Guatemala,he85bi50,241.37144133146128,1960.4457524926045
Guyana,he85bi50,294.96394940676186,1307.6997224516904
Honduras,he85bi50,258.68327289141513,1465.5340328426996
Haiti,he85bi50,265.42389602932866,1385.7006313080924
Indonesia,he85bi50,256.7786291564372,2804.2530935264376
India,he85bi50,275.64716706144645,949.5482539607207
Jamaica,he85bi50,255.82282103971653,2274.571730619356
Kenya,he85bi50,255.56005489700755,844.2806982142587
Cambodia,he85bi50,302.8958622166132,1423.71870586203
Lao PDR,he85bi50,236.50012346723426,1425.1683683149834
Liberia,he85bi50,283.910099795966,2878.3268733645023
Sri Lanka,he85bi50,290.1511858637402,1842.7608124789033
Madagascar,he85bi50,238.5201608637396,1529.8719845260903
Mexico,he85bi50,250.20892612582225,1563.0922671159292
Myanmar,he85bi50,232.2331076363523,1825.6744367367994
Mozambique,he85bi50,256.2440253415265,1056.5995623826998
Malawi,he85bi50,268.45926033288106,1245.5259238973465
Malaysia,he85bi50,286.88941412033984,2676.1993606075507
Nigeria,he85bi50,288.6474324490263,1491.1182290460897
Nicaragua,he85bi50,275.7203203880428,1690.251260592932
Nepal,he85bi50,238.8338915169213,1716.829170485005
Panama,he85bi50,257.8661786921263,3159.9970399706526
Peru,he85bi50,193.88358003578324,980.0242741079763
Philippines,he85bi50,277.8520003318474,2473.265492077451
Papua New Guinea,he85bi50,253.31309129505914,3069.9986924345403
Puerto Rico,he85bi50,252.7331452599294,1798.2432614373088
Paraguay,he85bi50,240.2827784338295,1643.2399341985347
Rwanda,he85bi50,218.60445083891724,1232.5959791755772
Sierra Leone,he85bi50,289.1999323154314,2982.7380561107725
El Salvador,he85bi50,265.29892623464787,1779.2793952337431
Suriname,he85bi50,301.2276361024162,1270.131807301782
Togo,he85bi50,286.79523345645987,1303.727035275245
Thailand,he85bi50,298.6571002945484,1250.3436802554193
Timor-Leste,he85bi50,266.5735223821958,1527.532965185466
Trinidad and Tobago,he85bi50,280.30521386245795,1541.825890521654
Tanzania,he85bi50,240.79219378543397,1022.0313908517552
Uganda,he85bi50,250.81294739834405,1272.5005522996566
United States,he85bi50,171.95738804114302,1560.407335843779
Venezuela,he85bi50,285.0037699326563,909.0206073870808
Vietnam,he85bi50,250.49388207669912,1730.2833226757664
Yemen,he85bi50,228.98971129351116,264.829348102802
Zambia,he85bi50,242.2743947661062,991.4885238365985
Zimbabwe,he85bi50,228.43978547284334,794.5051442252355
Angola,gs85bi50,237.65047257909004,727.981643909524
Burundi,gs85bi50,225.5017407999638,986.8849684355374
Benin,gs85bi50,284.02531641598443,1283.2773117615843
Belize,gs85bi50,270.10299155758344,3117.2910912073853
Bolivia,gs85bi50,159.66411770343532,913.5320563704079
Brazil,gs85bi50,230.00952348791378,1208.3222269152327
Central African Republic,gs85bi50,272.46303780325707,1580.7290325906408
China,gs85bi50,197.22838715387283,1688.8836983270064
Côte d'Ivoire,gs85bi50,270.4657644106695,1772.517816499149
Cameroon,gs85bi50,247.19067632103602,2057.906966787869
Democratic Republic of the Congo,gs85bi50,233.2187453310309,1404.2329465504752
Republic of Congo,gs85bi50,254.55787134231537,1963.4928218584496
Colombia,gs85bi50,224.22831763354353,2186.9044294318674
Costa Rica,gs85bi50,246.5460839128988,3100.9484507279503
Cuba,gs85bi50,261.82030827935176,1336.5147600475882
Dominican Republic,gs85bi50,249.37324091806084,1264.613234282054
Ecuador,gs85bi50,234.19993789454264,1039.2030756215042
Ethiopia,gs85bi50,224.50454031986467,1131.9017686058626
Gabon,gs85bi50,262.82040521500846,2443.6793753057377
Ghana,gs85bi50,277.42049872445244,1590.7524634168528
Guinea,gs85bi50,260.5452327142925,2221.1428104367346
Equatorial Guinea,gs85bi50,245.08072007322596,3532.272941205088
Guatemala,gs85bi50,231.33397872511878,1921.8938925348855
Guyana,gs85bi50,278.7968694216142,2137.988867469002
Honduras,gs85bi50,248.7301799790051,1341.6517690941184
Haiti,gs85bi50,256.0540605060357,1474.499133550588
Indonesia,gs85bi50,247.93659754344617,2868.4650813354388
India,gs85bi50,265.8035160549569,786.8635259897743
Jamaica,gs85bi50,249.5528831581257,2173.4908138625356
Kenya,gs85bi50,243.79679200268149,857.0052043019396
Cambodia,gs85bi50,292.3276749803194,1559.315386111835
Lao PDR,gs85bi50,219.03698495446685,1634.2517898192773
Liberia,gs85bi50,272.07916621919213,3361.8574756441485
Sri Lanka,gs85bi50,282.8725838120551,1951.2062426123962
Madagascar,gs85bi50,229.8375832585044,1689.7082395883358
Mexico,gs85bi50,238.5002308442103,1575.5007995356075
Myanmar,gs85bi50,212.84479136620917,1992.8667133142587
Mozambique,gs85bi50,250.44822291703503,820.3781784673167
Malawi,gs85bi50,263.4285316692741,1049.8236150576693
Malaysia,gs85bi50,279.1647361705872,2740.613604886732
Nigeria,gs85bi50,274.3684859455004,1547.7524407998062
Nicaragua,gs85bi50,265.5422924143831,1542.7234220556431
Nepal,gs85bi50,234.2857865417831,1962.3518165880193
Panama,gs85bi50,248.42076276155754,3332.1263882042113
Peru,gs85bi50,186.04120523685887,778.5452929843974
Philippines,gs85bi50,271.4869715550122,2516.4379585852953
Papua New Guinea,gs85bi50,244.94910324645835,2967.3635493786833
Puerto Rico,gs85bi50,246.05327970988944,1933.161998077565
Paraguay,gs85bi50,223.3254417414284,1825.0021822254714
Rwanda,gs85bi50,211.53230221028645,1085.4019712765278
Sierra Leone,gs85bi50,277.17794425361024,3559.571163543282
El Salvador,gs85bi50,257.36117290280805,1391.4984137726924
Suriname,gs85bi50,286.1953852212179,2182.813558190903
Togo,gs85bi50,270.6397193119814,1485.4979780963836
Thailand,gs85bi50,282.2978086287009,1471.299046838012
Timor-Leste,gs85bi50,259.75580524204247,1622.7427656571663
Trinidad and Tobago,gs85bi50,272.583183367682,2067.1494495711013
Tanzania,gs85bi50,232.62035124143978,908.4652865980719
Uganda,gs85bi50,241.67816343034178,1215.452404897109
United States,gs85bi50,159.668882308886,1371.3551905317247
Venezuela,gs85bi50,273.00577358000686,1014.8922080319677
Vietnam,gs85bi50,235.61583220161765,1854.7025853984223
Yemen,gs85bi50,216.54914424698657,212.49904921067653
Zambia,gs85bi50,238.50300658005867,743.0693179411018
Zimbabwe,gs85bi50,223.0457179999188,577.934427680501
